pred_len,backbone,dataset_key,status,phase,train_sec,infer_sec,score_sec,metric_sec,elapsed_sec,error
192,iTransformer,CATSv2_id_1,ok,done,,,0.0,4.5,4.6,
192,iTransformer,CATSv2_id_2,ok,done,,,0.0,11.1,11.2,
192,iTransformer,CATSv2_id_3,ok,done,,,0.0,26.8,27.2,
192,iTransformer,CATSv2_id_4,ok,done,,,0.0,9.0,9.1,
192,iTransformer,CATSv2_id_5,ok,done,,,0.0,26.0,26.3,
192,iTransformer,CATSv2_id_6,ok,done,,,0.0,10.5,10.6,
192,iTransformer,CreditCard,ok,done,,,0.0,27.8,28.3,
192,iTransformer,Daphnet,ok,done,,,0.0,2.2,2.2,
192,iTransformer,Exathlon_id_1,ok,done,,,0.0,2.5,2.6,
192,iTransformer,Exathlon_id_10,ok,done,,,0.0,2.2,2.3,
192,iTransformer,Exathlon_id_11,ok,done,,,0.0,2.3,2.3,
192,iTransformer,Exathlon_id_12,ok,done,,,0.0,2.2,2.3,
192,iTransformer,Exathlon_id_13,ok,done,,,0.0,3.6,3.7,
192,iTransformer,Exathlon_id_14,ok,done,,,0.0,3.7,3.7,
192,iTransformer,Exathlon_id_15,ok,done,,,0.0,10.1,10.2,
192,iTransformer,Exathlon_id_16,ok,done,,,0.0,2.0,2.1,
192,iTransformer,Exathlon_id_17,ok,done,,,0.0,9.9,10.0,
192,iTransformer,Exathlon_id_18,ok,done,,,0.0,2.3,2.3,
192,iTransformer,Exathlon_id_19,ok,done,,,0.0,2.2,2.3,
192,iTransformer,Exathlon_id_2,ok,done,,,0.0,1.8,1.9,
192,iTransformer,Exathlon_id_20,ok,done,,,0.0,2.2,2.2,
192,iTransformer,Exathlon_id_21,ok,done,,,0.0,3.4,3.4,
192,iTransformer,Exathlon_id_22,ok,done,,,0.0,3.6,3.6,
192,iTransformer,Exathlon_id_23,ok,done,,,0.0,2.3,2.3,
192,iTransformer,Exathlon_id_24,ok,done,,,0.0,3.7,3.7,
192,iTransformer,Exathlon_id_25,ok,done,,,0.0,10.0,10.1,
192,iTransformer,Exathlon_id_26,ok,done,,,0.0,9.6,9.7,
192,iTransformer,Exathlon_id_27,ok,done,,,0.0,3.4,3.5,
192,iTransformer,Exathlon_id_3,ok,done,,,0.0,3.7,3.7,
192,iTransformer,Exathlon_id_4,ok,done,,,0.0,2.3,2.3,
192,iTransformer,Exathlon_id_5,ok,done,,,0.0,9.9,10.0,
192,iTransformer,Exathlon_id_6,ok,done,,,0.0,3.0,3.1,
192,iTransformer,Exathlon_id_7,ok,done,,,0.0,3.6,3.7,
192,iTransformer,Exathlon_id_8,ok,done,,,0.0,2.1,2.1,
192,iTransformer,Exathlon_id_9,ok,done,,,0.0,3.5,3.6,
192,iTransformer,GECCO,ok,done,,,0.0,8.6,8.6,
192,iTransformer,GHL_id_1,ok,done,,,0.0,8.5,8.7,
192,iTransformer,GHL_id_10,ok,done,,,0.0,10.8,10.9,
192,iTransformer,GHL_id_11,ok,done,,,0.0,10.4,10.6,
192,iTransformer,GHL_id_12,ok,done,,,0.0,8.4,8.5,
192,iTransformer,GHL_id_13,ok,done,,,0.0,8.6,8.7,
192,iTransformer,GHL_id_14,ok,done,,,0.0,8.9,9.0,
192,iTransformer,GHL_id_15,ok,done,,,0.0,8.1,8.3,
192,iTransformer,GHL_id_16,ok,done,,,0.0,10.2,10.4,
192,iTransformer,GHL_id_17,ok,done,,,0.0,9.0,9.2,
192,iTransformer,GHL_id_18,ok,done,,,0.0,11.4,11.6,
192,iTransformer,GHL_id_19,ok,done,,,0.0,7.6,7.7,
192,iTransformer,GHL_id_2,ok,done,,,0.0,8.4,8.5,
192,iTransformer,GHL_id_20,ok,done,,,0.0,8.9,9.0,
192,iTransformer,GHL_id_21,ok,done,,,0.0,9.2,9.4,
192,iTransformer,GHL_id_22,ok,done,,,0.0,13.7,13.8,
192,iTransformer,GHL_id_23,ok,done,,,0.0,11.9,12.0,
192,iTransformer,GHL_id_24,ok,done,,,0.0,8.6,8.7,
192,iTransformer,GHL_id_25,ok,done,,,0.0,9.0,9.1,
192,iTransformer,GHL_id_3,ok,done,,,0.0,9.5,9.6,
192,iTransformer,GHL_id_4,ok,done,,,0.0,9.6,9.7,
192,iTransformer,GHL_id_5,ok,done,,,0.0,9.4,9.5,
192,iTransformer,GHL_id_6,ok,done,,,0.0,8.5,8.6,
192,iTransformer,GHL_id_7,ok,done,,,0.0,8.4,8.5,
192,iTransformer,GHL_id_8,ok,done,,,0.0,7.9,8.1,
192,iTransformer,GHL_id_9,ok,done,,,0.0,9.7,9.9,
192,iTransformer,Genesis,ok,done,,,0.0,1.0,1.1,
192,iTransformer,LTDB_id_1,ok,done,,,0.0,17.0,17.0,
192,iTransformer,LTDB_id_2,ok,done,,,0.0,25.1,25.2,
192,iTransformer,LTDB_id_3,ok,done,,,0.0,34.5,34.5,
192,iTransformer,LTDB_id_4,ok,done,,,0.0,19.1,19.2,
192,iTransformer,LTDB_id_5,ok,done,,,0.0,3.7,3.7,
192,iTransformer,MITDB_id_1,ok,done,,,0.0,11.2,11.2,
192,iTransformer,MITDB_id_10,ok,done,,,0.0,6.8,6.9,
192,iTransformer,MITDB_id_11,ok,done,,,0.0,19.4,19.5,
192,iTransformer,MITDB_id_12,ok,done,,,0.0,61.8,61.9,
192,iTransformer,MITDB_id_13,ok,done,,,0.0,31.1,31.1,
192,iTransformer,MITDB_id_2,ok,done,,,0.0,24.0,24.1,
192,iTransformer,MITDB_id_3,ok,done,,,0.0,30.8,30.9,
192,iTransformer,MITDB_id_4,ok,done,,,0.0,16.8,16.9,
192,iTransformer,MITDB_id_5,ok,done,,,0.0,4.7,4.7,
192,iTransformer,MITDB_id_6,ok,done,,,0.0,6.8,6.8,
192,iTransformer,MITDB_id_7,ok,done,,,0.0,8.3,8.3,
192,iTransformer,MITDB_id_8,ok,done,,,0.0,18.7,18.7,
192,iTransformer,MITDB_id_9,ok,done,,,0.0,3.6,3.6,
192,iTransformer,MSL_id_1,ok,done,,,0.0,0.4,0.5,
192,iTransformer,MSL_id_10,ok,done,,,0.0,0.6,0.6,
192,iTransformer,MSL_id_11,ok,done,,,0.0,0.6,0.6,
192,iTransformer,MSL_id_12,ok,done,,,0.0,0.5,0.5,
192,iTransformer,MSL_id_13,ok,done,,,0.0,0.6,0.6,
192,iTransformer,MSL_id_14,ok,done,,,0.0,0.3,0.3,
192,iTransformer,MSL_id_15,ok,done,,,0.0,0.2,0.2,
192,iTransformer,MSL_id_16,ok,done,,,0.0,0.5,0.5,
192,iTransformer,MSL_id_2,ok,done,,,0.0,0.5,0.5,
192,iTransformer,MSL_id_3,ok,done,,,0.0,0.5,0.5,
192,iTransformer,MSL_id_4,ok,done,,,0.0,0.8,0.9,
192,iTransformer,MSL_id_5,ok,done,,,0.0,0.5,0.5,
192,iTransformer,MSL_id_6,ok,done,,,0.0,0.7,0.7,
192,iTransformer,MSL_id_7,ok,done,,,0.0,0.7,0.7,
192,iTransformer,MSL_id_8,ok,done,,,0.0,0.4,0.4,
192,iTransformer,MSL_id_9,ok,done,,,0.0,0.4,0.4,
192,iTransformer,OPPORTUNITY_id_1,ok,done,,,0.0,3.1,3.3,
192,iTransformer,OPPORTUNITY_id_2,ok,done,,,0.0,0.7,0.8,
192,iTransformer,OPPORTUNITY_id_3,ok,done,,,0.0,2.9,3.1,
192,iTransformer,OPPORTUNITY_id_4,ok,done,,,0.0,1.4,1.4,
192,iTransformer,OPPORTUNITY_id_5,ok,done,,,0.0,1.0,1.1,
192,iTransformer,OPPORTUNITY_id_6,ok,done,,,0.0,2.2,2.3,
192,iTransformer,OPPORTUNITY_id_7,ok,done,,,0.0,3.2,3.3,
192,iTransformer,OPPORTUNITY_id_8,ok,done,,,0.0,3.4,3.6,
192,iTransformer,PSM,ok,done,,,0.0,22.8,23.1,
192,iTransformer,SMAP_id_1,ok,done,,,0.0,0.6,0.6,
192,iTransformer,SMAP_id_10,ok,done,,,0.0,0.7,0.8,
192,iTransformer,SMAP_id_11,ok,done,,,0.0,0.5,0.6,
192,iTransformer,SMAP_id_12,ok,done,,,0.0,0.3,0.4,
192,iTransformer,SMAP_id_13,ok,done,,,0.0,0.5,0.5,
192,iTransformer,SMAP_id_14,ok,done,,,0.0,0.7,0.7,
192,iTransformer,SMAP_id_15,ok,done,,,0.0,0.5,0.6,
192,iTransformer,SMAP_id_16,ok,done,,,0.0,0.5,0.5,
192,iTransformer,SMAP_id_17,ok,done,,,0.0,0.6,0.6,
192,iTransformer,SMAP_id_18,ok,done,,,0.0,0.6,0.6,
192,iTransformer,SMAP_id_19,ok,done,,,0.0,0.5,0.5,
192,iTransformer,SMAP_id_2,ok,done,,,0.0,0.6,0.6,
192,iTransformer,SMAP_id_20,ok,done,,,0.0,0.5,0.5,
192,iTransformer,SMAP_id_21,ok,done,,,0.0,0.8,0.8,
192,iTransformer,SMAP_id_22,ok,done,,,0.0,0.7,0.7,
192,iTransformer,SMAP_id_23,ok,done,,,0.0,0.3,0.3,
192,iTransformer,SMAP_id_24,ok,done,,,0.0,0.6,0.6,
192,iTransformer,SMAP_id_25,ok,done,,,0.0,0.7,0.7,
192,iTransformer,SMAP_id_26,ok,done,,,0.0,0.5,0.6,
192,iTransformer,SMAP_id_27,ok,done,,,0.0,0.7,0.7,
192,iTransformer,SMAP_id_3,ok,done,,,0.0,0.7,0.7,
192,iTransformer,SMAP_id_4,ok,done,,,0.0,0.6,0.6,
192,iTransformer,SMAP_id_5,ok,done,,,0.0,0.6,0.6,
192,iTransformer,SMAP_id_6,ok,done,,,0.0,0.7,0.7,
192,iTransformer,SMAP_id_7,ok,done,,,0.0,0.6,0.6,
192,iTransformer,SMAP_id_8,ok,done,,,0.0,0.6,0.6,
192,iTransformer,SMAP_id_9,ok,done,,,0.0,0.6,0.6,
192,iTransformer,SMD_id_1,ok,done,,,0.0,1.4,1.4,
192,iTransformer,SMD_id_10,ok,done,,,0.0,1.3,1.4,
192,iTransformer,SMD_id_11,ok,done,,,0.0,1.2,1.2,
192,iTransformer,SMD_id_12,ok,done,,,0.0,1.3,1.3,
192,iTransformer,SMD_id_13,ok,done,,,0.0,3.0,3.1,
192,iTransformer,SMD_id_14,ok,done,,,0.0,2.4,2.4,
192,iTransformer,SMD_id_15,ok,done,,,0.0,1.3,1.3,
192,iTransformer,SMD_id_16,ok,done,,,0.0,4.7,4.7,
192,iTransformer,SMD_id_17,ok,done,,,0.0,1.0,1.1,
192,iTransformer,SMD_id_18,ok,done,,,0.0,1.7,1.7,
192,iTransformer,SMD_id_19,ok,done,,,0.0,3.4,3.4,
192,iTransformer,SMD_id_2,ok,done,,,0.0,3.3,3.3,
192,iTransformer,SMD_id_20,ok,done,,,0.0,1.0,1.0,
192,iTransformer,SMD_id_21,ok,done,,,0.0,2.6,2.6,
192,iTransformer,SMD_id_22,ok,done,,,0.0,3.3,3.4,
192,iTransformer,SMD_id_3,ok,done,,,0.0,1.3,1.3,
192,iTransformer,SMD_id_4,ok,done,,,0.0,2.0,2.1,
192,iTransformer,SMD_id_5,ok,done,,,0.0,2.5,2.5,
192,iTransformer,SMD_id_6,ok,done,,,0.0,2.9,3.0,
192,iTransformer,SMD_id_7,ok,done,,,0.0,3.0,3.1,
192,iTransformer,SMD_id_8,ok,done,,,0.0,2.5,2.6,
192,iTransformer,SMD_id_9,ok,done,,,0.0,2.4,2.4,
192,iTransformer,SVDB_id_1,ok,done,,,0.0,13.7,13.7,
192,iTransformer,SVDB_id_10,ok,done,,,0.0,40.0,40.0,
192,iTransformer,SVDB_id_11,ok,done,,,0.0,3.6,3.7,
192,iTransformer,SVDB_id_12,ok,done,,,0.0,21.1,21.1,
192,iTransformer,SVDB_id_13,ok,done,,,0.0,19.2,19.2,
192,iTransformer,SVDB_id_14,ok,done,,,0.0,59.1,59.1,
192,iTransformer,SVDB_id_15,ok,done,,,0.0,28.5,28.6,
192,iTransformer,SVDB_id_16,ok,done,,,0.0,31.8,31.8,
192,iTransformer,SVDB_id_17,ok,done,,,0.0,8.6,8.6,
192,iTransformer,SVDB_id_18,ok,done,,,0.0,25.0,25.0,
192,iTransformer,SVDB_id_19,ok,done,,,0.0,10.9,10.9,
192,iTransformer,SVDB_id_2,ok,done,,,0.0,21.8,21.9,
192,iTransformer,SVDB_id_20,ok,done,,,0.0,17.4,17.4,
192,iTransformer,SVDB_id_21,ok,done,,,0.0,11.5,11.5,
192,iTransformer,SVDB_id_22,ok,done,,,0.0,23.8,23.8,
192,iTransformer,SVDB_id_23,ok,done,,,0.0,5.7,5.7,
192,iTransformer,SVDB_id_24,ok,done,,,0.0,20.1,20.1,
192,iTransformer,SVDB_id_25,ok,done,,,0.0,12.0,12.0,
192,iTransformer,SVDB_id_26,ok,done,,,0.0,41.4,41.4,
192,iTransformer,SVDB_id_27,ok,done,,,0.0,22.0,22.0,
192,iTransformer,SVDB_id_28,ok,done,,,0.0,55.6,55.6,
192,iTransformer,SVDB_id_29,ok,done,,,0.0,16.9,17.0,
192,iTransformer,SVDB_id_3,ok,done,,,0.0,27.8,27.9,
192,iTransformer,SVDB_id_30,ok,done,,,0.0,11.8,11.8,
192,iTransformer,SVDB_id_31,ok,done,,,0.0,4.2,4.2,
192,iTransformer,SVDB_id_4,ok,done,,,0.0,37.6,37.7,
192,iTransformer,SVDB_id_5,ok,done,,,0.0,57.2,57.2,
192,iTransformer,SVDB_id_6,ok,done,,,0.0,9.8,9.8,
192,iTransformer,SVDB_id_7,ok,done,,,0.0,4.6,4.6,
192,iTransformer,SVDB_id_8,ok,done,,,0.0,26.3,26.3,
192,iTransformer,SVDB_id_9,ok,done,,,0.0,16.9,17.0,
192,iTransformer,SWaT_id_1,ok,done,,,0.0,2.0,2.0,
192,iTransformer,SWaT_id_2,ok,done,,,54.3,49.1,104.0,
192,iTransformer,TAO_id_1,ok,done,5.8,1.4,0.1,19.8,27.1,
192,iTransformer,TAO_id_10,ok,done,4.6,1.4,0.1,44.5,50.6,
192,iTransformer,TAO_id_11,ok,done,4.2,1.4,0.1,44.9,50.6,
192,iTransformer,TAO_id_12,ok,done,4.1,1.4,0.1,18.1,23.7,
192,iTransformer,TAO_id_13,ok,done,4.2,1.4,0.1,36.3,42.0,
192,iTransformer,TAO_id_2,ok,done,4.1,1.4,0.1,45.2,50.8,
192,iTransformer,TAO_id_3,ok,done,4.3,1.4,0.1,14.1,20.0,
192,iTransformer,TAO_id_4,ok,done,4.1,1.4,0.1,33.4,39.1,
192,iTransformer,TAO_id_5,ok,done,4.1,1.4,0.1,41.7,47.3,
192,iTransformer,TAO_id_6,ok,done,4.2,1.4,0.1,43.3,49.0,
192,iTransformer,TAO_id_7,ok,done,4.1,1.4,0.1,27.3,33.0,
192,iTransformer,TAO_id_8,ok,done,4.2,1.4,0.1,18.2,23.9,
192,iTransformer,TAO_id_9,ok,done,4.1,1.4,0.1,15.1,20.7,
336,iTransformer,CATSv2_id_1,ok,done,,,0.0,4.9,5.0,
336,iTransformer,CATSv2_id_2,ok,done,,,0.0,12.4,12.6,
336,iTransformer,CATSv2_id_3,ok,done,,,0.0,28.9,29.2,
336,iTransformer,CATSv2_id_4,ok,done,,,0.0,9.7,9.9,
336,iTransformer,CATSv2_id_5,ok,done,,,0.0,27.5,27.8,
336,iTransformer,CATSv2_id_6,ok,done,,,0.0,11.4,11.6,
336,iTransformer,CreditCard,skip_too_short,split,,,,,,train_too_short: train=500 < required=528
336,iTransformer,Daphnet,ok,done,,,0.0,2.3,2.3,
336,iTransformer,Exathlon_id_1,ok,done,,,0.0,2.9,2.9,
336,iTransformer,Exathlon_id_10,ok,done,,,0.0,2.5,2.5,
336,iTransformer,Exathlon_id_11,ok,done,,,0.0,2.6,2.6,
336,iTransformer,Exathlon_id_12,ok,done,,,0.0,2.6,2.6,
336,iTransformer,Exathlon_id_13,ok,done,,,0.0,4.0,4.0,
336,iTransformer,Exathlon_id_14,ok,done,,,0.0,3.9,4.0,
336,iTransformer,Exathlon_id_15,ok,done,,,0.0,10.8,10.9,
336,iTransformer,Exathlon_id_16,ok,done,,,0.0,2.2,2.2,
336,iTransformer,Exathlon_id_17,ok,done,,,0.0,10.9,11.0,
336,iTransformer,Exathlon_id_18,ok,done,,,0.0,2.5,2.6,
336,iTransformer,Exathlon_id_19,ok,done,,,0.0,2.4,2.5,
336,iTransformer,Exathlon_id_2,ok,done,,,0.0,2.0,2.0,
336,iTransformer,Exathlon_id_20,ok,done,,,0.0,2.4,2.4,
336,iTransformer,Exathlon_id_21,ok,done,,,0.0,3.6,3.6,
336,iTransformer,Exathlon_id_22,ok,done,,,0.0,4.0,4.0,
336,iTransformer,Exathlon_id_23,ok,done,,,0.0,2.5,2.5,
336,iTransformer,Exathlon_id_24,ok,done,,,0.0,3.9,4.0,
336,iTransformer,Exathlon_id_25,ok,done,,,0.0,10.7,10.8,
336,iTransformer,Exathlon_id_26,ok,done,,,0.0,10.8,10.9,
336,iTransformer,Exathlon_id_27,ok,done,,,0.0,4.0,4.0,
336,iTransformer,Exathlon_id_3,ok,done,,,0.0,4.0,4.0,
336,iTransformer,Exathlon_id_4,ok,done,,,0.0,2.5,2.6,
336,iTransformer,Exathlon_id_5,ok,done,,,0.0,10.7,10.8,
336,iTransformer,Exathlon_id_6,ok,done,,,0.0,3.3,3.4,
336,iTransformer,Exathlon_id_7,ok,done,,,0.0,3.9,4.0,
336,iTransformer,Exathlon_id_8,ok,done,,,0.0,2.2,2.3,
336,iTransformer,Exathlon_id_9,ok,done,,,0.0,4.0,4.1,
336,iTransformer,GECCO,ok,done,,,0.0,8.4,8.4,
336,iTransformer,GHL_id_1,ok,done,,,0.0,9.2,9.3,
336,iTransformer,GHL_id_10,ok,done,,,0.0,11.1,11.2,
336,iTransformer,GHL_id_11,ok,done,,,0.0,11.5,11.7,
336,iTransformer,GHL_id_12,ok,done,,,0.0,9.0,9.1,
336,iTransformer,GHL_id_13,ok,done,,,0.0,9.5,9.6,
336,iTransformer,GHL_id_14,ok,done,,,0.0,9.9,10.1,
336,iTransformer,GHL_id_15,ok,done,,,0.0,8.8,9.0,
336,iTransformer,GHL_id_16,ok,done,,,0.0,11.1,11.2,
336,iTransformer,GHL_id_17,ok,done,,,0.0,9.7,9.9,
336,iTransformer,GHL_id_18,ok,done,,,0.0,12.7,12.8,
336,iTransformer,GHL_id_19,ok,done,,,0.0,8.4,8.5,
336,iTransformer,GHL_id_2,ok,done,,,0.0,9.2,9.4,
336,iTransformer,GHL_id_20,ok,done,,,0.0,10.0,10.1,
336,iTransformer,GHL_id_21,ok,done,,,0.0,10.4,10.5,
336,iTransformer,GHL_id_22,ok,done,,,0.0,14.7,14.8,
336,iTransformer,GHL_id_23,ok,done,,,0.0,13.1,13.2,
336,iTransformer,GHL_id_24,ok,done,,,0.0,9.1,9.2,
336,iTransformer,GHL_id_25,ok,done,,,0.0,9.8,9.9,
336,iTransformer,GHL_id_3,ok,done,,,0.0,10.2,10.4,
336,iTransformer,GHL_id_4,ok,done,,,0.0,10.4,10.6,
336,iTransformer,GHL_id_5,ok,done,,,0.0,10.4,10.6,
336,iTransformer,GHL_id_6,ok,done,,,0.0,9.2,9.3,
336,iTransformer,GHL_id_7,ok,done,,,0.0,9.1,9.2,
336,iTransformer,GHL_id_8,ok,done,,,0.0,8.7,8.8,
336,iTransformer,GHL_id_9,ok,done,,,0.0,10.8,10.9,
336,iTransformer,Genesis,ok,done,,,0.0,1.2,1.2,
336,iTransformer,LTDB_id_1,ok,done,,,0.0,18.2,18.2,
336,iTransformer,LTDB_id_2,skip_too_short,split,,,,,,train_too_short: train=500 < required=528
336,iTransformer,LTDB_id_3,skip_too_short,split,,,,,,train_too_short: train=500 < required=528
336,iTransformer,LTDB_id_4,ok,done,,,0.0,19.9,19.9,
336,iTransformer,LTDB_id_5,ok,done,,,0.0,3.5,3.5,
336,iTransformer,MITDB_id_1,ok,done,,,0.0,12.9,12.9,
336,iTransformer,MITDB_id_10,ok,done,,,0.0,6.8,6.9,
336,iTransformer,MITDB_id_11,ok,done,,,0.0,19.7,19.7,
336,iTransformer,MITDB_id_12,ok,done,,,0.0,67.6,67.6,
336,iTransformer,MITDB_id_13,ok,done,,,0.0,31.1,31.2,
336,iTransformer,MITDB_id_2,ok,done,,,0.0,23.6,23.7,
336,iTransformer,MITDB_id_3,ok,done,,,0.0,32.9,32.9,
336,iTransformer,MITDB_id_4,ok,done,,,0.0,17.3,17.4,
336,iTransformer,MITDB_id_5,ok,done,,,0.0,5.3,5.3,
336,iTransformer,MITDB_id_6,ok,done,,,0.0,7.0,7.0,
336,iTransformer,MITDB_id_7,ok,done,,,0.0,8.5,8.5,
336,iTransformer,MITDB_id_8,ok,done,,,0.0,19.1,19.2,
336,iTransformer,MITDB_id_9,ok,done,,,0.0,3.7,3.8,
336,iTransformer,MSL_id_1,skip_too_short,split,,,,,,train_too_short: train=500 < required=528
336,iTransformer,MSL_id_10,ok,done,,,0.0,0.6,0.7,
336,iTransformer,MSL_id_11,ok,done,,,0.0,0.7,0.7,
336,iTransformer,MSL_id_12,ok,done,,,0.0,0.4,0.4,
336,iTransformer,MSL_id_13,ok,done,,,0.0,0.7,0.7,
336,iTransformer,MSL_id_14,ok,done,,,0.0,0.3,0.3,
336,iTransformer,MSL_id_15,skip_too_short,split,,,,,,train_too_short: train=500 < required=528
336,iTransformer,MSL_id_16,skip_too_short,split,,,,,,train_too_short: train=512 < required=528
336,iTransformer,MSL_id_2,ok,done,,,0.0,0.5,0.5,
336,iTransformer,MSL_id_3,ok,done,,,0.0,0.5,0.5,
336,iTransformer,MSL_id_4,ok,done,,,0.0,0.8,0.8,
336,iTransformer,MSL_id_5,ok,done,,,0.0,0.6,0.6,
336,iTransformer,MSL_id_6,ok,done,,,0.0,0.8,0.8,
336,iTransformer,MSL_id_7,ok,done,,,0.0,0.7,0.7,
336,iTransformer,MSL_id_8,ok,done,,,0.0,0.5,0.5,
336,iTransformer,MSL_id_9,ok,done,,,0.0,0.4,0.4,
336,iTransformer,OPPORTUNITY_id_1,ok,done,,,0.0,4.4,4.5,
336,iTransformer,OPPORTUNITY_id_2,ok,done,,,0.0,1.0,1.0,
336,iTransformer,OPPORTUNITY_id_3,ok,done,,,0.0,3.9,4.1,
336,iTransformer,OPPORTUNITY_id_4,ok,done,,,0.0,1.8,1.9,
336,iTransformer,OPPORTUNITY_id_5,ok,done,,,0.0,1.3,1.3,
336,iTransformer,OPPORTUNITY_id_6,ok,done,,,0.0,3.1,3.2,
336,iTransformer,OPPORTUNITY_id_7,ok,done,,,0.0,4.4,4.5,
336,iTransformer,OPPORTUNITY_id_8,ok,done,,,0.0,4.7,4.9,
336,iTransformer,PSM,ok,done,,,0.0,25.9,26.2,
336,iTransformer,SMAP_id_1,ok,done,,,0.0,0.7,0.7,
336,iTransformer,SMAP_id_10,ok,done,,,0.0,0.9,0.9,
336,iTransformer,SMAP_id_11,ok,done,,,0.0,0.6,0.6,
336,iTransformer,SMAP_id_12,ok,done,,,0.0,0.4,0.4,
336,iTransformer,SMAP_id_13,ok,done,,,0.0,0.5,0.5,
336,iTransformer,SMAP_id_14,ok,done,,,0.0,0.8,0.8,
336,iTransformer,SMAP_id_15,ok,done,,,0.0,0.6,0.6,
336,iTransformer,SMAP_id_16,ok,done,,,0.0,0.5,0.5,
336,iTransformer,SMAP_id_17,ok,done,,,0.0,0.7,0.7,
336,iTransformer,SMAP_id_18,ok,done,,,0.0,0.7,0.7,
336,iTransformer,SMAP_id_19,ok,done,,,0.0,0.5,0.5,
336,iTransformer,SMAP_id_2,ok,done,,,0.0,0.7,0.8,
336,iTransformer,SMAP_id_20,ok,done,,,0.0,0.6,0.6,
336,iTransformer,SMAP_id_21,ok,done,,,0.0,0.9,0.9,
336,iTransformer,SMAP_id_22,ok,done,,,0.0,0.9,0.9,
336,iTransformer,SMAP_id_23,ok,done,,,0.0,0.3,0.3,
336,iTransformer,SMAP_id_24,ok,done,,,0.0,0.6,0.7,
336,iTransformer,SMAP_id_25,ok,done,,,0.0,0.7,0.7,
336,iTransformer,SMAP_id_26,ok,done,,,0.0,0.6,0.6,
336,iTransformer,SMAP_id_27,ok,done,,,0.0,0.7,0.7,
336,iTransformer,SMAP_id_3,ok,done,,,0.0,0.8,0.8,
336,iTransformer,SMAP_id_4,ok,done,,,0.0,0.9,0.9,
336,iTransformer,SMAP_id_5,ok,done,,,0.0,0.7,0.7,
336,iTransformer,SMAP_id_6,ok,done,,,0.0,0.8,0.8,
336,iTransformer,SMAP_id_7,ok,done,,,0.0,0.6,0.6,
336,iTransformer,SMAP_id_8,ok,done,,,0.0,0.6,0.6,
336,iTransformer,SMAP_id_9,ok,done,,,0.0,0.7,0.7,
336,iTransformer,SMD_id_1,ok,done,,,0.0,1.6,1.6,
336,iTransformer,SMD_id_10,ok,done,,,0.0,1.5,1.6,
336,iTransformer,SMD_id_11,ok,done,,,0.0,1.4,1.4,
336,iTransformer,SMD_id_12,ok,done,,,0.0,1.5,1.5,
336,iTransformer,SMD_id_13,ok,done,,,0.0,3.3,3.3,
336,iTransformer,SMD_id_14,ok,done,,,0.0,2.7,2.7,
336,iTransformer,SMD_id_15,ok,done,,,0.0,1.5,1.5,
336,iTransformer,SMD_id_16,ok,done,,,0.0,4.9,4.9,
336,iTransformer,SMD_id_17,ok,done,,,0.0,1.2,1.2,
336,iTransformer,SMD_id_18,ok,done,,,0.0,1.9,2.0,
336,iTransformer,SMD_id_19,ok,done,,,0.0,3.7,3.7,
336,iTransformer,SMD_id_2,ok,done,,,0.0,3.6,3.6,
336,iTransformer,SMD_id_20,ok,done,,,0.0,1.1,1.2,
336,iTransformer,SMD_id_21,ok,done,,,0.0,2.8,2.9,
336,iTransformer,SMD_id_22,skip_too_short,split,,,,,,train_too_short: train=500 < required=528
336,iTransformer,SMD_id_3,ok,done,,,0.0,1.5,1.5,
336,iTransformer,SMD_id_4,ok,done,,,0.0,2.3,2.3,
336,iTransformer,SMD_id_5,ok,done,,,0.0,2.9,3.0,
336,iTransformer,SMD_id_6,ok,done,,,0.0,3.2,3.3,
336,iTransformer,SMD_id_7,ok,done,,,0.0,3.3,3.3,
336,iTransformer,SMD_id_8,ok,done,,,0.0,2.8,2.8,
336,iTransformer,SMD_id_9,ok,done,,,0.0,2.6,2.7,
336,iTransformer,SVDB_id_1,ok,done,,,0.0,14.4,14.4,
336,iTransformer,SVDB_id_10,skip_too_short,split,,,,,,train_too_short: train=500 < required=528
336,iTransformer,SVDB_id_11,ok,done,,,0.0,3.8,3.8,
336,iTransformer,SVDB_id_12,ok,done,,,0.0,21.7,21.7,
336,iTransformer,SVDB_id_13,skip_too_short,split,,,,,,train_too_short: train=500 < required=528
336,iTransformer,SVDB_id_14,ok,done,,,0.0,59.6,59.6,
336,iTransformer,SVDB_id_15,skip_too_short,split,,,,,,train_too_short: train=500 < required=528
336,iTransformer,SVDB_id_16,ok,done,,,0.0,31.9,31.9,
336,iTransformer,SVDB_id_17,ok,done,,,0.0,8.7,8.8,
336,iTransformer,SVDB_id_18,ok,done,,,0.0,26.2,26.3,
336,iTransformer,SVDB_id_19,ok,done,,,0.0,11.1,11.1,
336,iTransformer,SVDB_id_2,ok,done,,,0.0,22.8,22.9,
336,iTransformer,SVDB_id_20,ok,done,,,0.0,19.2,19.2,
336,iTransformer,SVDB_id_21,ok,done,,,0.0,11.2,11.2,
336,iTransformer,SVDB_id_22,skip_too_short,split,,,,,,train_too_short: train=500 < required=528
336,iTransformer,SVDB_id_23,ok,done,,,0.0,6.1,6.1,
336,iTransformer,SVDB_id_24,ok,done,,,0.0,22.4,22.4,
336,iTransformer,SVDB_id_25,ok,done,,,0.0,12.1,12.1,
336,iTransformer,SVDB_id_26,ok,done,,,0.0,36.7,36.7,
336,iTransformer,SVDB_id_27,ok,done,,,0.0,21.9,21.9,
336,iTransformer,SVDB_id_28,ok,done,,,0.0,56.4,56.5,
336,iTransformer,SVDB_id_29,ok,done,,,0.0,16.5,16.5,
336,iTransformer,SVDB_id_3,ok,done,,,0.0,34.9,34.9,
336,iTransformer,SVDB_id_30,ok,done,,,0.0,14.0,14.1,
336,iTransformer,SVDB_id_31,ok,done,,,0.0,4.2,4.2,
336,iTransformer,SVDB_id_4,ok,done,,,0.0,33.5,33.5,
336,iTransformer,SVDB_id_5,skip_too_short,split,,,,,,train_too_short: train=500 < required=528
336,iTransformer,SVDB_id_6,ok,done,,,0.0,9.7,9.7,
336,iTransformer,SVDB_id_7,ok,done,,,0.0,4.6,4.6,
336,iTransformer,SVDB_id_8,skip_too_short,split,,,,,,train_too_short: train=500 < required=528
336,iTransformer,SVDB_id_9,ok,done,,,0.0,18.3,18.4,
336,iTransformer,SWaT_id_1,ok,done,,,0.0,2.2,2.3,
336,iTransformer,SWaT_id_2,skip_oom,split,,,,,,OOM at H=336 (predictions tensor ~13GB × 3 splits > 60GB RAM)
336,iTransformer,TAO_id_1,skip_too_short,split,,,,,,train_too_short: train=500 < required=528
336,iTransformer,TAO_id_2,skip_too_short,split,,,,,,train_too_short: train=500 < required=528
336,iTransformer,TAO_id_3,skip_too_short,split,,,,,,train_too_short: train=500 < required=528
336,iTransformer,TAO_id_4,skip_too_short,split,,,,,,train_too_short: train=500 < required=528
336,iTransformer,TAO_id_5,skip_too_short,split,,,,,,train_too_short: train=500 < required=528
336,iTransformer,TAO_id_6,skip_too_short,split,,,,,,train_too_short: train=500 < required=528
336,iTransformer,TAO_id_7,skip_too_short,split,,,,,,train_too_short: train=500 < required=528
336,iTransformer,TAO_id_8,skip_too_short,split,,,,,,train_too_short: train=500 < required=528
336,iTransformer,TAO_id_9,skip_too_short,split,,,,,,train_too_short: train=500 < required=528
336,iTransformer,TAO_id_10,skip_too_short,split,,,,,,train_too_short: train=500 < required=528
336,iTransformer,TAO_id_11,skip_too_short,split,,,,,,train_too_short: train=500 < required=528
336,iTransformer,TAO_id_12,skip_too_short,split,,,,,,train_too_short: train=500 < required=528
336,iTransformer,TAO_id_13,skip_too_short,split,,,,,,train_too_short: train=500 < required=528
48,iTransformer,CATSv2_id_1,ok,done,10.3,4.4,1.1,4.5,20.4,
48,iTransformer,CATSv2_id_2,ok,done,3.9,7.4,2.1,9.8,23.4,
48,iTransformer,CATSv2_id_3,ok,done,13.3,14.3,4.2,25.3,57.5,
48,iTransformer,CATSv2_id_4,ok,done,14.9,7.4,2.1,8.6,33.2,
48,iTransformer,CATSv2_id_5,ok,done,11.5,12.4,3.6,24.5,52.3,
48,iTransformer,CATSv2_id_6,ok,done,17.1,7.6,2.1,10.2,37.2,
48,iTransformer,CreditCard,ok,done,4.1,11.8,7.8,52.3,76.5,
48,iTransformer,Daphnet,ok,done,7.7,2.2,0.3,2.0,12.2,
48,iTransformer,Exathlon_id_1,ok,done,11.7,2.5,0.6,2.4,17.2,
48,iTransformer,Exathlon_id_10,ok,done,6.9,2.7,0.6,2.0,12.2,
48,iTransformer,Exathlon_id_11,ok,done,8.0,2.7,0.6,2.0,13.3,
48,iTransformer,Exathlon_id_12,ok,done,6.9,2.7,0.6,2.0,12.3,
48,iTransformer,Exathlon_id_13,ok,done,11.7,2.8,1.4,3.4,19.4,
48,iTransformer,Exathlon_id_14,ok,done,4.9,2.6,0.5,3.6,11.7,
48,iTransformer,Exathlon_id_15,ok,done,13.2,5.8,1.5,9.0,29.7,
48,iTransformer,Exathlon_id_16,ok,done,6.8,2.5,0.4,1.9,11.6,
48,iTransformer,Exathlon_id_17,ok,done,13.0,5.7,1.5,9.1,29.4,
48,iTransformer,Exathlon_id_18,ok,done,7.2,2.7,0.6,2.1,12.6,
48,iTransformer,Exathlon_id_19,ok,done,6.0,2.8,0.6,2.1,11.4,
48,iTransformer,Exathlon_id_2,ok,done,6.5,2.5,0.3,1.8,11.1,
48,iTransformer,Exathlon_id_20,ok,done,6.7,2.5,0.3,2.2,11.7,
48,iTransformer,Exathlon_id_21,ok,done,4.5,2.6,0.4,3.3,10.8,
48,iTransformer,Exathlon_id_22,ok,done,13.3,2.9,1.4,3.5,21.1,
48,iTransformer,Exathlon_id_23,ok,done,7.0,2.7,0.6,2.1,12.4,
48,iTransformer,Exathlon_id_24,ok,done,13.2,2.9,1.4,3.5,21.0,
48,iTransformer,Exathlon_id_25,ok,done,13.4,6.0,1.6,9.4,30.3,
48,iTransformer,Exathlon_id_26,ok,done,13.4,5.9,1.6,9.2,30.3,
48,iTransformer,Exathlon_id_27,ok,done,13.4,3.0,1.4,3.4,21.4,
48,iTransformer,Exathlon_id_3,ok,done,6.1,3.0,1.4,3.4,14.0,
48,iTransformer,Exathlon_id_4,ok,done,7.1,2.7,0.6,2.1,12.5,
48,iTransformer,Exathlon_id_5,ok,done,13.0,5.8,1.5,9.1,29.5,
48,iTransformer,Exathlon_id_6,ok,done,13.5,3.0,1.4,2.8,20.8,
48,iTransformer,Exathlon_id_7,ok,done,5.8,2.8,1.3,3.4,13.4,
48,iTransformer,Exathlon_id_8,ok,done,6.8,2.5,0.4,1.9,11.6,
48,iTransformer,Exathlon_id_9,ok,done,7.0,2.8,1.3,3.3,14.6,
48,iTransformer,GECCO,ok,done,6.7,4.9,0.9,7.8,20.3,
48,iTransformer,GHL_id_1,ok,done,40.0,8.5,2.4,7.9,59.0,
48,iTransformer,GHL_id_10,ok,done,40.5,8.4,2.8,9.1,60.9,
48,iTransformer,GHL_id_11,ok,done,40.2,8.4,2.4,8.4,59.7,
48,iTransformer,GHL_id_12,ok,done,32.3,8.3,2.4,7.5,50.7,
48,iTransformer,GHL_id_13,ok,done,35.0,8.2,2.4,7.8,53.6,
48,iTransformer,GHL_id_14,ok,done,39.0,8.2,2.6,8.0,58.0,
48,iTransformer,GHL_id_15,ok,done,38.9,8.2,2.6,7.5,57.4,
48,iTransformer,GHL_id_16,ok,done,39.1,8.3,2.7,8.8,59.0,
48,iTransformer,GHL_id_17,ok,done,28.2,8.3,2.6,8.3,47.6,
48,iTransformer,GHL_id_18,ok,done,35.9,8.5,2.6,9.5,56.6,
48,iTransformer,GHL_id_19,ok,done,25.0,7.4,2.3,6.8,41.7,
48,iTransformer,GHL_id_2,ok,done,35.6,8.2,2.6,7.7,54.3,
48,iTransformer,GHL_id_20,ok,done,39.6,8.3,2.6,7.9,58.6,
48,iTransformer,GHL_id_21,ok,done,35.9,8.3,2.6,7.9,54.9,
48,iTransformer,GHL_id_22,ok,done,39.6,8.4,2.7,10.7,61.5,
48,iTransformer,GHL_id_23,ok,done,39.8,8.3,2.6,9.3,60.2,
48,iTransformer,GHL_id_24,ok,done,39.5,8.4,2.7,7.6,58.3,
48,iTransformer,GHL_id_25,ok,done,31.9,8.3,2.6,8.3,51.3,
48,iTransformer,GHL_id_3,ok,done,35.9,8.3,2.6,8.2,55.2,
48,iTransformer,GHL_id_4,ok,done,40.0,8.3,2.7,8.4,59.6,
48,iTransformer,GHL_id_5,ok,done,39.8,8.3,2.7,8.3,59.3,
48,iTransformer,GHL_id_6,ok,done,39.5,8.3,2.6,7.8,58.4,
48,iTransformer,GHL_id_7,ok,done,28.0,8.2,2.7,7.6,46.6,
48,iTransformer,GHL_id_8,ok,done,31.2,8.2,2.6,7.4,49.6,
48,iTransformer,GHL_id_9,ok,done,39.0,8.2,2.6,8.4,58.3,
48,iTransformer,Genesis,ok,done,7.1,1.7,0.2,1.0,10.1,
48,iTransformer,LTDB_id_1,ok,done,6.1,3.6,0.3,17.1,27.0,
48,iTransformer,LTDB_id_2,ok,done,4.3,3.8,0.3,25.7,34.1,
48,iTransformer,LTDB_id_3,ok,done,4.5,3.6,0.3,35.3,43.6,
48,iTransformer,LTDB_id_4,ok,done,6.8,3.6,0.3,19.5,30.3,
48,iTransformer,LTDB_id_5,ok,done,8.7,3.5,0.3,3.9,16.3,
48,iTransformer,MITDB_id_1,ok,done,27.3,4.8,0.4,10.9,43.3,
48,iTransformer,MITDB_id_10,ok,done,27.3,4.7,0.4,6.8,39.2,
48,iTransformer,MITDB_id_11,ok,done,25.4,16.1,1.5,19.4,62.4,
48,iTransformer,MITDB_id_12,ok,done,28.8,16.8,1.6,58.1,105.4,
48,iTransformer,MITDB_id_13,ok,done,31.3,12.0,1.1,29.6,74.1,
48,iTransformer,MITDB_id_2,ok,done,19.1,17.1,1.7,23.0,60.9,
48,iTransformer,MITDB_id_3,ok,done,36.6,13.5,1.3,34.2,85.6,
48,iTransformer,MITDB_id_4,ok,done,25.5,8.4,0.8,17.2,51.9,
48,iTransformer,MITDB_id_5,ok,done,19.3,3.5,0.3,4.7,27.8,
48,iTransformer,MITDB_id_6,ok,done,35.7,6.0,0.5,6.8,49.1,
48,iTransformer,MITDB_id_7,ok,done,27.6,4.8,0.4,8.5,41.4,
48,iTransformer,MITDB_id_8,ok,done,23.3,11.0,1.1,19.0,54.4,
48,iTransformer,MITDB_id_9,ok,done,17.8,3.5,0.3,3.5,25.2,
48,iTransformer,MSL_id_1,ok,done,4.6,1.2,0.1,0.5,6.4,
48,iTransformer,MSL_id_10,ok,done,5.4,1.5,0.2,0.6,7.7,
48,iTransformer,MSL_id_11,ok,done,4.3,1.3,0.1,0.6,6.3,
48,iTransformer,MSL_id_12,ok,done,4.2,1.3,0.1,0.5,6.0,
48,iTransformer,MSL_id_13,ok,done,5.3,1.5,0.2,0.6,7.6,
48,iTransformer,MSL_id_14,ok,done,3.4,1.3,0.1,0.3,5.1,
48,iTransformer,MSL_id_15,ok,done,3.3,1.2,0.0,0.2,4.7,
48,iTransformer,MSL_id_16,ok,done,4.3,1.2,0.1,0.5,6.2,
48,iTransformer,MSL_id_2,ok,done,3.7,1.3,0.1,0.4,5.6,
48,iTransformer,MSL_id_3,ok,done,4.6,1.4,0.1,0.4,6.5,
48,iTransformer,MSL_id_4,ok,done,3.2,1.4,0.1,0.6,5.3,
48,iTransformer,MSL_id_5,ok,done,3.6,1.4,0.2,0.6,5.8,
48,iTransformer,MSL_id_6,ok,done,3.4,1.4,0.2,0.7,5.6,
48,iTransformer,MSL_id_7,ok,done,4.4,1.3,0.1,0.7,6.5,
48,iTransformer,MSL_id_8,ok,done,4.4,1.4,0.1,0.4,6.3,
48,iTransformer,MSL_id_9,ok,done,4.3,1.3,0.1,0.4,6.0,
48,iTransformer,OPPORTUNITY_id_1,ok,done,4.0,7.4,4.6,1.9,18.2,
48,iTransformer,OPPORTUNITY_id_2,ok,done,3.8,2.5,1.0,0.5,7.8,
48,iTransformer,OPPORTUNITY_id_3,ok,done,11.9,8.5,5.6,1.7,28.0,
48,iTransformer,OPPORTUNITY_id_4,ok,done,3.2,3.8,1.8,1.1,10.1,
48,iTransformer,OPPORTUNITY_id_5,ok,done,4.1,2.8,1.4,0.7,9.0,
48,iTransformer,OPPORTUNITY_id_6,ok,done,7.0,5.2,3.0,1.4,16.7,
48,iTransformer,OPPORTUNITY_id_7,ok,done,5.0,6.8,4.1,2.1,18.2,
48,iTransformer,OPPORTUNITY_id_8,ok,done,7.6,8.0,5.1,2.0,22.9,
48,iTransformer,PSM,ok,done,24.2,9.3,6.2,20.8,60.8,
48,iTransformer,SMAP_id_1,ok,done,4.1,1.5,0.2,0.6,6.4,
48,iTransformer,SMAP_id_10,ok,done,5.5,1.5,0.1,0.5,7.6,
48,iTransformer,SMAP_id_11,ok,done,4.3,1.5,0.2,0.6,6.5,
48,iTransformer,SMAP_id_12,ok,done,4.3,1.4,0.1,0.3,6.2,
48,iTransformer,SMAP_id_13,ok,done,3.6,1.4,0.1,0.5,5.6,
48,iTransformer,SMAP_id_14,ok,done,3.5,1.5,0.2,0.7,6.0,
48,iTransformer,SMAP_id_15,ok,done,4.7,1.5,0.1,0.5,6.8,
48,iTransformer,SMAP_id_16,ok,done,4.2,1.5,0.1,0.5,6.4,
48,iTransformer,SMAP_id_17,ok,done,5.4,1.5,0.1,0.6,7.7,
48,iTransformer,SMAP_id_18,ok,done,5.7,1.5,0.1,0.6,7.9,
48,iTransformer,SMAP_id_19,ok,done,5.4,1.4,0.1,0.5,7.5,
48,iTransformer,SMAP_id_2,ok,done,3.4,1.5,0.2,0.7,5.8,
48,iTransformer,SMAP_id_20,ok,done,4.1,1.5,0.2,0.5,6.3,
48,iTransformer,SMAP_id_21,ok,done,4.8,1.5,0.1,0.6,7.0,
48,iTransformer,SMAP_id_22,ok,done,3.9,1.5,0.2,0.7,6.3,
48,iTransformer,SMAP_id_23,ok,done,3.1,1.3,0.1,0.3,4.8,
48,iTransformer,SMAP_id_24,ok,done,3.6,1.5,0.2,0.6,5.9,
48,iTransformer,SMAP_id_25,ok,done,5.3,1.6,0.2,0.7,7.7,
48,iTransformer,SMAP_id_26,ok,done,3.6,1.4,0.1,0.6,5.7,
48,iTransformer,SMAP_id_27,ok,done,5.3,1.5,0.2,0.6,7.6,
48,iTransformer,SMAP_id_3,ok,done,4.1,1.5,0.2,0.7,6.4,
48,iTransformer,SMAP_id_4,ok,done,5.3,1.5,0.2,0.6,7.5,
48,iTransformer,SMAP_id_5,ok,done,4.1,1.5,0.1,0.6,6.4,
48,iTransformer,SMAP_id_6,ok,done,3.5,1.5,0.2,0.7,5.8,
48,iTransformer,SMAP_id_7,ok,done,3.8,1.5,0.2,0.6,6.0,
48,iTransformer,SMAP_id_8,ok,done,5.5,1.5,0.1,0.6,7.7,
48,iTransformer,SMAP_id_9,ok,done,5.4,1.5,0.1,0.6,7.6,
48,iTransformer,SMD_id_1,ok,done,3.8,2.3,0.9,1.3,8.2,
48,iTransformer,SMD_id_10,ok,done,4.0,2.2,0.8,1.2,8.2,
48,iTransformer,SMD_id_11,ok,done,5.6,2.1,0.8,1.1,9.6,
48,iTransformer,SMD_id_12,ok,done,4.6,2.4,1.0,1.0,9.1,
48,iTransformer,SMD_id_13,ok,done,9.0,2.2,0.9,2.9,15.0,
48,iTransformer,SMD_id_14,ok,done,3.5,2.4,1.0,2.2,9.1,
48,iTransformer,SMD_id_15,ok,done,4.7,2.4,1.0,1.0,9.2,
48,iTransformer,SMD_id_16,ok,done,4.8,2.4,1.0,4.5,12.7,
48,iTransformer,SMD_id_17,ok,done,9.0,2.2,0.8,0.9,13.0,
48,iTransformer,SMD_id_18,ok,done,10.6,2.4,1.0,1.4,15.5,
48,iTransformer,SMD_id_19,ok,done,4.6,2.2,0.8,3.3,10.9,
48,iTransformer,SMD_id_2,ok,done,3.4,2.4,1.0,2.9,9.7,
48,iTransformer,SMD_id_20,ok,done,9.1,2.2,0.9,0.8,13.1,
48,iTransformer,SMD_id_21,ok,done,4.4,2.1,0.7,2.5,9.7,
48,iTransformer,SMD_id_22,ok,done,4.3,2.2,0.8,3.1,10.6,
48,iTransformer,SMD_id_3,ok,done,4.8,2.2,0.8,1.1,8.9,
48,iTransformer,SMD_id_4,ok,done,10.3,2.4,1.0,1.9,15.7,
48,iTransformer,SMD_id_5,ok,done,8.9,2.4,1.0,2.3,14.7,
48,iTransformer,SMD_id_6,ok,done,8.1,2.4,1.0,2.8,14.4,
48,iTransformer,SMD_id_7,ok,done,5.9,2.2,0.9,3.0,12.0,
48,iTransformer,SMD_id_8,ok,done,5.2,2.1,0.7,2.4,10.4,
48,iTransformer,SMD_id_9,ok,done,4.7,2.2,0.8,2.2,9.9,
48,iTransformer,SVDB_id_1,ok,done,12.1,6.7,0.6,12.9,32.4,
48,iTransformer,SVDB_id_10,ok,done,4.2,6.7,0.7,38.5,50.0,
48,iTransformer,SVDB_id_11,ok,done,16.8,3.0,0.2,3.4,23.5,
48,iTransformer,SVDB_id_12,ok,done,8.1,6.7,0.6,24.9,40.3,
48,iTransformer,SVDB_id_13,ok,done,4.3,6.7,0.6,19.2,30.8,
48,iTransformer,SVDB_id_14,ok,done,3.8,6.6,0.6,86.3,97.4,
48,iTransformer,SVDB_id_15,ok,done,4.2,6.6,0.6,27.3,38.7,
48,iTransformer,SVDB_id_16,ok,done,2.6,6.6,0.6,43.2,53.0,
48,iTransformer,SVDB_id_17,ok,done,14.8,4.3,0.3,8.3,27.8,
48,iTransformer,SVDB_id_18,ok,done,5.0,6.7,0.6,25.7,38.0,
48,iTransformer,SVDB_id_19,ok,done,34.3,6.6,0.6,10.8,52.4,
48,iTransformer,SVDB_id_2,ok,done,34.4,6.7,0.6,21.1,62.8,
48,iTransformer,SVDB_id_20,ok,done,11.6,6.6,0.6,17.1,35.9,
48,iTransformer,SVDB_id_21,ok,done,27.5,6.7,0.6,11.1,45.9,
48,iTransformer,SVDB_id_22,ok,done,4.7,4.7,0.4,19.9,29.8,
48,iTransformer,SVDB_id_23,ok,done,27.0,4.8,0.4,5.6,37.8,
48,iTransformer,SVDB_id_24,ok,done,24.2,6.7,0.6,18.6,50.1,
48,iTransformer,SVDB_id_25,ok,done,5.0,6.7,0.6,13.4,25.7,
48,iTransformer,SVDB_id_26,ok,done,2.6,6.7,0.6,46.2,56.1,
48,iTransformer,SVDB_id_27,ok,done,23.3,6.6,0.6,19.4,50.1,
48,iTransformer,SVDB_id_28,ok,done,5.2,6.7,0.7,60.7,73.3,
48,iTransformer,SVDB_id_29,ok,done,9.2,6.7,0.6,14.2,30.7,
48,iTransformer,SVDB_id_3,ok,done,3.6,6.7,0.6,26.9,37.8,
48,iTransformer,SVDB_id_30,ok,done,6.9,6.6,0.6,15.6,29.7,
48,iTransformer,SVDB_id_31,ok,done,15.7,3.5,0.3,3.9,23.4,
48,iTransformer,SVDB_id_4,ok,done,7.4,6.6,0.6,37.5,52.1,
48,iTransformer,SVDB_id_5,ok,done,4.4,6.6,0.6,101.2,112.8,
48,iTransformer,SVDB_id_6,ok,done,34.2,6.6,0.6,10.0,51.4,
48,iTransformer,SVDB_id_7,ok,done,11.1,2.3,0.1,4.6,18.1,
48,iTransformer,SVDB_id_8,ok,done,4.0,6.6,0.6,30.5,41.8,
48,iTransformer,SVDB_id_9,ok,done,3.7,6.6,0.6,18.5,29.4,
48,iTransformer,SWaT_id_1,ok,done,5.8,2.2,0.9,1.8,10.7,
48,iTransformer,SWaT_id_2,ok,done,18.2,24.8,17.6,38.8,100.1,
48,iTransformer,TAO_id_1,ok,done,4.4,1.4,0.0,16.9,22.7,
48,iTransformer,TAO_id_10,ok,done,4.4,1.4,0.0,42.4,48.2,
48,iTransformer,TAO_id_11,ok,done,4.4,1.4,0.0,48.8,54.5,
48,iTransformer,TAO_id_12,ok,done,4.5,1.4,0.0,17.5,23.4,
48,iTransformer,TAO_id_13,ok,done,4.6,1.4,0.0,54.9,60.9,
48,iTransformer,TAO_id_2,ok,done,4.2,1.4,0.0,45.3,50.9,
48,iTransformer,TAO_id_3,ok,done,4.5,1.4,0.0,16.0,21.9,
48,iTransformer,TAO_id_4,ok,done,4.2,1.4,0.0,45.2,50.8,
48,iTransformer,TAO_id_5,ok,done,4.3,1.4,0.0,43.8,49.6,
48,iTransformer,TAO_id_6,ok,done,4.4,1.4,0.0,48.1,54.0,
48,iTransformer,TAO_id_7,ok,done,3.9,1.4,0.0,38.2,43.6,
48,iTransformer,TAO_id_8,ok,done,4.4,1.4,0.0,23.8,29.6,
48,iTransformer,TAO_id_9,ok,done,4.6,1.4,0.0,25.1,31.2,
24,iTransformer,CATSv2_id_1,ok,done,9.0,4.2,0.8,4.2,18.3,
24,iTransformer,CATSv2_id_2,ok,done,4.7,7.2,1.4,9.8,23.2,
24,iTransformer,CATSv2_id_3,ok,done,13.2,13.5,2.9,24.9,54.8,
24,iTransformer,CATSv2_id_4,ok,done,18.1,7.2,1.6,8.4,35.4,
24,iTransformer,CATSv2_id_5,ok,done,11.7,12.0,2.6,24.3,50.9,
24,iTransformer,CATSv2_id_6,ok,done,21.2,7.2,1.5,10.2,40.3,
24,iTransformer,CreditCard,ok,done,4.6,10.9,3.7,43.9,63.7,
24,iTransformer,Daphnet,ok,done,10.3,2.1,0.2,1.9,14.5,
24,iTransformer,Exathlon_id_1,ok,done,10.9,2.5,0.4,2.4,16.2,
24,iTransformer,Exathlon_id_10,ok,done,7.0,2.6,0.4,2.0,12.0,
24,iTransformer,Exathlon_id_11,ok,done,6.9,2.6,0.4,2.0,11.9,
24,iTransformer,Exathlon_id_12,ok,done,8.0,2.6,0.4,2.0,13.0,
24,iTransformer,Exathlon_id_13,ok,done,12.8,2.7,0.6,3.3,19.5,
24,iTransformer,Exathlon_id_14,ok,done,4.8,2.6,0.3,3.5,11.3,
24,iTransformer,Exathlon_id_15,ok,done,13.2,5.4,1.1,9.0,28.8,
24,iTransformer,Exathlon_id_16,ok,done,11.8,2.5,0.3,1.8,16.4,
24,iTransformer,Exathlon_id_17,ok,done,13.0,5.5,1.1,8.9,28.4,
24,iTransformer,Exathlon_id_18,ok,done,8.2,2.6,0.4,2.0,13.2,
24,iTransformer,Exathlon_id_19,ok,done,8.3,2.6,0.4,2.0,13.4,
24,iTransformer,Exathlon_id_2,ok,done,6.2,2.3,0.2,1.7,10.5,
24,iTransformer,Exathlon_id_20,ok,done,5.5,2.4,0.2,2.1,10.2,
24,iTransformer,Exathlon_id_21,ok,done,4.2,2.4,0.3,3.2,10.1,
24,iTransformer,Exathlon_id_22,ok,done,13.1,2.7,0.6,3.3,19.8,
24,iTransformer,Exathlon_id_23,ok,done,8.0,2.6,0.4,2.0,12.9,
24,iTransformer,Exathlon_id_24,ok,done,10.3,2.8,0.7,3.1,16.9,
24,iTransformer,Exathlon_id_25,ok,done,13.1,5.4,1.0,8.9,28.5,
24,iTransformer,Exathlon_id_26,ok,done,12.9,5.5,1.0,8.8,28.3,
24,iTransformer,Exathlon_id_27,ok,done,12.9,2.7,0.7,3.2,19.6,
24,iTransformer,Exathlon_id_3,ok,done,12.8,2.7,0.6,3.4,19.6,
24,iTransformer,Exathlon_id_4,ok,done,8.1,2.6,0.4,2.0,13.3,
24,iTransformer,Exathlon_id_5,ok,done,12.6,5.4,1.0,9.0,28.1,
24,iTransformer,Exathlon_id_6,ok,done,11.1,2.9,0.6,2.8,17.5,
24,iTransformer,Exathlon_id_7,ok,done,13.0,2.7,0.6,3.3,19.7,
24,iTransformer,Exathlon_id_8,ok,done,10.6,2.4,0.2,1.9,15.2,
24,iTransformer,Exathlon_id_9,ok,done,12.9,2.8,0.6,3.2,19.6,
24,iTransformer,GECCO,ok,done,6.6,4.8,0.6,7.8,19.9,
24,iTransformer,GHL_id_1,ok,done,31.5,7.8,1.7,7.7,48.9,
24,iTransformer,GHL_id_10,ok,done,27.9,7.8,1.7,8.4,45.9,
24,iTransformer,GHL_id_11,ok,done,38.9,7.7,1.7,8.1,56.6,
24,iTransformer,GHL_id_12,ok,done,31.9,7.8,1.7,7.4,48.9,
24,iTransformer,GHL_id_13,ok,done,39.3,7.8,1.7,7.6,56.6,
24,iTransformer,GHL_id_14,ok,done,35.4,7.8,1.7,7.7,52.8,
24,iTransformer,GHL_id_15,ok,done,39.1,7.8,1.7,7.4,56.1,
24,iTransformer,GHL_id_16,ok,done,39.4,8.7,1.7,8.5,58.5,
24,iTransformer,GHL_id_17,ok,done,39.3,7.7,1.7,8.3,57.2,
24,iTransformer,GHL_id_18,ok,done,38.9,7.8,1.7,9.3,57.9,
24,iTransformer,GHL_id_19,ok,done,34.5,7.0,1.6,6.6,49.8,
24,iTransformer,GHL_id_2,ok,done,39.2,7.8,1.7,7.7,56.6,
24,iTransformer,GHL_id_20,ok,done,39.4,7.8,1.7,7.6,56.6,
24,iTransformer,GHL_id_21,ok,done,39.1,7.8,1.7,7.5,56.3,
24,iTransformer,GHL_id_22,ok,done,38.8,7.7,1.7,10.3,58.7,
24,iTransformer,GHL_id_23,ok,done,39.1,7.8,1.8,9.0,57.8,
24,iTransformer,GHL_id_24,ok,done,38.9,7.8,1.7,7.4,56.0,
24,iTransformer,GHL_id_25,ok,done,39.1,7.7,1.7,8.1,56.8,
24,iTransformer,GHL_id_3,ok,done,38.9,7.8,1.7,8.0,56.5,
24,iTransformer,GHL_id_4,ok,done,38.8,7.8,1.7,8.2,56.7,
24,iTransformer,GHL_id_5,ok,done,35.2,7.7,1.7,8.1,52.9,
24,iTransformer,GHL_id_6,ok,done,39.2,7.7,1.7,7.7,56.5,
24,iTransformer,GHL_id_7,ok,done,39.3,7.8,1.8,7.7,56.7,
24,iTransformer,GHL_id_8,ok,done,35.4,7.8,1.7,7.4,52.5,
24,iTransformer,GHL_id_9,ok,done,39.5,7.8,1.8,8.1,57.3,
24,iTransformer,Genesis,ok,done,7.3,1.6,0.1,0.9,10.1,
24,iTransformer,LTDB_id_1,ok,done,6.2,3.6,0.2,16.2,26.2,
24,iTransformer,LTDB_id_2,ok,done,4.5,3.7,0.2,30.9,39.3,
24,iTransformer,LTDB_id_3,ok,done,4.4,3.5,0.2,32.0,40.1,
24,iTransformer,LTDB_id_4,ok,done,6.6,3.5,0.2,21.1,31.4,
24,iTransformer,LTDB_id_5,ok,done,8.7,3.6,0.2,3.9,16.4,
24,iTransformer,MITDB_id_1,ok,done,26.9,4.7,0.3,11.1,43.1,
24,iTransformer,MITDB_id_10,ok,done,27.0,4.7,0.3,6.8,38.8,
24,iTransformer,MITDB_id_11,ok,done,28.0,15.4,1.0,19.1,63.6,
24,iTransformer,MITDB_id_12,ok,done,27.8,16.0,1.0,58.2,103.1,
24,iTransformer,MITDB_id_13,ok,done,34.1,11.8,0.8,29.4,76.1,
24,iTransformer,MITDB_id_2,ok,done,24.5,16.6,1.1,22.6,64.8,
24,iTransformer,MITDB_id_3,ok,done,31.2,13.0,0.8,30.2,75.3,
24,iTransformer,MITDB_id_4,ok,done,31.3,8.3,0.5,16.8,56.9,
24,iTransformer,MITDB_id_5,ok,done,12.0,3.5,0.2,4.6,20.2,
24,iTransformer,MITDB_id_6,ok,done,34.9,6.1,0.4,6.9,48.2,
24,iTransformer,MITDB_id_7,ok,done,21.8,4.8,0.3,8.5,35.4,
24,iTransformer,MITDB_id_8,ok,done,22.8,10.7,0.7,19.1,53.3,
24,iTransformer,MITDB_id_9,ok,done,18.9,3.5,0.2,3.5,26.2,
24,iTransformer,MSL_id_1,ok,done,4.4,1.2,0.0,0.4,6.0,
24,iTransformer,MSL_id_10,ok,done,3.5,1.4,0.1,0.5,5.6,
24,iTransformer,MSL_id_11,ok,done,4.2,1.2,0.0,0.6,6.1,
24,iTransformer,MSL_id_12,ok,done,4.1,1.3,0.0,0.4,5.8,
24,iTransformer,MSL_id_13,ok,done,4.0,1.4,0.1,0.5,6.1,
24,iTransformer,MSL_id_14,ok,done,3.2,1.2,0.0,0.3,4.7,
24,iTransformer,MSL_id_15,ok,done,3.2,1.2,0.0,0.2,4.6,
24,iTransformer,MSL_id_16,ok,done,3.8,1.2,0.0,0.4,5.5,
24,iTransformer,MSL_id_2,ok,done,3.6,1.4,0.1,0.4,5.4,
24,iTransformer,MSL_id_3,ok,done,4.3,1.3,0.0,0.4,6.1,
24,iTransformer,MSL_id_4,ok,done,3.5,1.4,0.1,0.6,5.5,
24,iTransformer,MSL_id_5,ok,done,3.7,1.4,0.1,0.4,5.7,
24,iTransformer,MSL_id_6,ok,done,4.5,1.3,0.1,0.7,6.7,
24,iTransformer,MSL_id_7,ok,done,5.0,1.3,0.1,0.6,7.0,
24,iTransformer,MSL_id_8,ok,done,4.4,1.3,0.1,0.4,6.2,
24,iTransformer,MSL_id_9,ok,done,4.8,1.3,0.0,0.3,6.5,
24,iTransformer,OPPORTUNITY_id_1,ok,done,4.5,6.0,2.9,1.7,15.4,
24,iTransformer,OPPORTUNITY_id_2,ok,done,3.2,2.1,0.6,0.5,6.5,
24,iTransformer,OPPORTUNITY_id_3,ok,done,15.4,6.5,3.4,1.6,27.2,
24,iTransformer,OPPORTUNITY_id_4,ok,done,3.6,2.9,1.1,0.9,8.6,
24,iTransformer,OPPORTUNITY_id_5,ok,done,4.5,2.5,0.9,0.7,8.7,
24,iTransformer,OPPORTUNITY_id_6,ok,done,7.3,4.3,1.9,1.3,15.1,
24,iTransformer,OPPORTUNITY_id_7,ok,done,7.0,5.3,2.6,2.0,17.1,
24,iTransformer,OPPORTUNITY_id_8,ok,done,6.6,6.3,3.1,1.8,18.0,
24,iTransformer,PSM,ok,done,23.7,8.4,2.5,20.3,55.2,
24,iTransformer,SMAP_id_1,ok,done,4.8,1.4,0.1,0.6,6.9,
24,iTransformer,SMAP_id_10,ok,done,5.5,1.4,0.1,0.5,7.5,
24,iTransformer,SMAP_id_11,ok,done,3.8,1.4,0.1,0.5,5.9,
24,iTransformer,SMAP_id_12,ok,done,4.5,1.4,0.1,0.3,6.3,
24,iTransformer,SMAP_id_13,ok,done,3.4,1.3,0.0,0.5,5.2,
24,iTransformer,SMAP_id_14,ok,done,5.4,1.4,0.1,0.7,7.6,
24,iTransformer,SMAP_id_15,ok,done,6.1,1.4,0.1,0.5,8.1,
24,iTransformer,SMAP_id_16,ok,done,3.6,1.4,0.1,0.5,5.5,
24,iTransformer,SMAP_id_17,ok,done,5.5,1.4,0.1,0.6,7.6,
24,iTransformer,SMAP_id_18,ok,done,5.9,1.4,0.1,0.6,8.0,
24,iTransformer,SMAP_id_19,ok,done,5.4,1.4,0.1,0.5,7.4,
24,iTransformer,SMAP_id_2,ok,done,5.7,1.4,0.1,0.6,7.9,
24,iTransformer,SMAP_id_20,ok,done,3.7,1.4,0.1,0.5,5.8,
24,iTransformer,SMAP_id_21,ok,done,3.8,1.4,0.1,0.6,5.8,
24,iTransformer,SMAP_id_22,ok,done,5.9,1.4,0.1,0.7,8.1,
24,iTransformer,SMAP_id_23,ok,done,3.0,1.3,0.0,0.3,4.7,
24,iTransformer,SMAP_id_24,ok,done,4.5,1.4,0.1,0.6,6.6,
24,iTransformer,SMAP_id_25,ok,done,5.5,1.5,0.1,0.7,7.7,
24,iTransformer,SMAP_id_26,ok,done,5.8,1.4,0.1,0.5,7.9,
24,iTransformer,SMAP_id_27,ok,done,5.9,1.4,0.1,0.6,8.0,
24,iTransformer,SMAP_id_3,ok,done,4.4,1.4,0.1,0.7,6.5,
24,iTransformer,SMAP_id_4,ok,done,5.5,1.5,0.1,0.6,7.7,
24,iTransformer,SMAP_id_5,ok,done,3.9,1.5,0.1,0.6,6.1,
24,iTransformer,SMAP_id_6,ok,done,5.6,1.5,0.1,0.7,7.8,
24,iTransformer,SMAP_id_7,ok,done,3.5,1.4,0.1,0.6,5.6,
24,iTransformer,SMAP_id_8,ok,done,5.6,1.4,0.1,0.5,7.6,
24,iTransformer,SMAP_id_9,ok,done,5.1,1.5,0.1,0.6,7.2,
24,iTransformer,SMD_id_1,ok,done,5.3,2.1,0.4,1.2,9.0,
24,iTransformer,SMD_id_10,ok,done,4.3,2.1,0.4,1.1,8.0,
24,iTransformer,SMD_id_11,ok,done,6.2,2.0,0.3,1.0,9.6,
24,iTransformer,SMD_id_12,ok,done,5.4,2.3,0.4,1.0,9.1,
24,iTransformer,SMD_id_13,ok,done,9.2,2.1,0.4,2.8,14.6,
24,iTransformer,SMD_id_14,ok,done,4.0,2.3,0.4,2.2,8.9,
24,iTransformer,SMD_id_15,ok,done,4.9,2.3,0.4,1.0,8.6,
24,iTransformer,SMD_id_16,ok,done,4.8,2.3,0.5,4.5,12.1,
24,iTransformer,SMD_id_17,ok,done,9.3,2.1,0.4,0.9,12.7,
24,iTransformer,SMD_id_18,ok,done,10.6,2.3,0.5,1.4,14.8,
24,iTransformer,SMD_id_19,ok,done,4.4,2.1,0.4,3.2,10.1,
24,iTransformer,SMD_id_2,ok,done,4.8,2.3,0.4,2.9,10.4,
24,iTransformer,SMD_id_20,ok,done,8.5,2.1,0.4,0.8,11.8,
24,iTransformer,SMD_id_21,ok,done,5.0,2.0,0.3,2.5,9.8,
24,iTransformer,SMD_id_22,ok,done,4.4,2.1,0.4,3.1,10.0,
24,iTransformer,SMD_id_3,ok,done,3.6,2.1,0.3,1.1,7.1,
24,iTransformer,SMD_id_4,ok,done,10.4,2.3,0.5,1.9,15.1,
24,iTransformer,SMD_id_5,ok,done,8.7,2.3,0.5,2.3,13.7,
24,iTransformer,SMD_id_6,ok,done,8.5,2.3,0.5,2.7,14.1,
24,iTransformer,SMD_id_7,ok,done,6.0,2.1,0.4,2.9,11.5,
24,iTransformer,SMD_id_8,ok,done,6.0,2.0,0.3,2.4,10.7,
24,iTransformer,SMD_id_9,ok,done,3.1,2.1,0.4,2.2,7.8,
24,iTransformer,SVDB_id_1,ok,done,12.3,6.7,0.4,13.0,32.4,
24,iTransformer,SVDB_id_10,ok,done,3.8,6.7,0.4,44.8,55.7,
24,iTransformer,SVDB_id_11,ok,done,16.7,3.0,0.2,3.4,23.3,
24,iTransformer,SVDB_id_12,ok,done,8.1,6.7,0.4,20.0,35.2,
24,iTransformer,SVDB_id_13,ok,done,4.9,6.7,0.4,21.2,33.2,
24,iTransformer,SVDB_id_14,ok,done,5.0,6.7,0.4,74.0,86.1,
24,iTransformer,SVDB_id_15,ok,done,4.7,6.7,0.4,26.0,37.9,
24,iTransformer,SVDB_id_16,ok,done,2.7,6.6,0.4,44.1,53.9,
24,iTransformer,SVDB_id_17,ok,done,15.4,4.3,0.2,8.3,28.3,
24,iTransformer,SVDB_id_18,ok,done,5.4,6.7,0.5,25.9,38.5,
24,iTransformer,SVDB_id_19,ok,done,35.6,6.7,0.4,10.7,53.4,
24,iTransformer,SVDB_id_2,ok,done,35.5,6.7,0.4,20.7,63.4,
24,iTransformer,SVDB_id_20,ok,done,11.8,6.8,0.4,14.2,33.2,
24,iTransformer,SVDB_id_21,ok,done,32.5,6.7,0.4,10.3,49.9,
24,iTransformer,SVDB_id_22,ok,done,4.8,4.8,0.3,19.5,29.4,
24,iTransformer,SVDB_id_23,ok,done,28.3,4.7,0.3,5.6,38.9,
24,iTransformer,SVDB_id_24,ok,done,24.8,6.7,0.4,18.0,49.9,
24,iTransformer,SVDB_id_25,ok,done,5.1,6.8,0.4,12.9,25.3,
24,iTransformer,SVDB_id_26,ok,done,2.7,6.7,0.4,45.8,55.6,
24,iTransformer,SVDB_id_27,ok,done,23.4,6.6,0.4,17.7,48.2,
24,iTransformer,SVDB_id_28,ok,done,2.8,6.6,0.4,73.2,83.1,
24,iTransformer,SVDB_id_29,ok,done,9.3,6.7,0.4,12.2,28.6,
24,iTransformer,SVDB_id_3,ok,done,4.4,6.6,0.4,26.3,37.7,
24,iTransformer,SVDB_id_30,ok,done,6.7,6.6,0.4,11.1,24.9,
24,iTransformer,SVDB_id_31,ok,done,13.9,3.5,0.2,3.8,21.5,
24,iTransformer,SVDB_id_4,ok,done,7.5,6.6,0.4,33.5,48.1,
24,iTransformer,SVDB_id_5,ok,done,2.9,6.6,0.4,99.3,109.2,
24,iTransformer,SVDB_id_6,ok,done,36.8,6.8,0.7,9.5,53.9,
24,iTransformer,SVDB_id_7,ok,done,12.3,2.4,0.1,4.5,19.4,
24,iTransformer,SVDB_id_8,ok,done,3.2,6.9,0.6,30.2,40.9,
24,iTransformer,SVDB_id_9,ok,done,5.8,6.8,0.4,15.5,28.5,
24,iTransformer,SWaT_id_1,ok,done,6.2,2.1,0.5,1.9,10.7,
24,iTransformer,SWaT_id_2,ok,done,22.1,19.7,9.0,42.3,93.6,
24,iTransformer,TAO_id_1,ok,done,5.2,1.5,0.0,23.3,30.0,
24,iTransformer,TAO_id_10,ok,done,4.6,1.4,0.0,33.7,39.7,
24,iTransformer,TAO_id_11,ok,done,5.2,1.6,0.0,50.6,57.4,
24,iTransformer,TAO_id_12,ok,done,4.3,1.4,0.0,14.1,19.8,
24,iTransformer,TAO_id_13,ok,done,4.4,1.4,0.0,50.4,56.3,
24,iTransformer,TAO_id_2,ok,done,4.5,1.4,0.0,52.4,58.2,
24,iTransformer,TAO_id_3,ok,done,4.6,1.4,0.0,12.1,18.1,
24,iTransformer,TAO_id_4,ok,done,4.6,1.4,0.0,43.7,49.7,
24,iTransformer,TAO_id_5,ok,done,4.2,1.3,0.0,53.6,59.2,
24,iTransformer,TAO_id_6,ok,done,4.4,1.4,0.0,58.3,64.1,
24,iTransformer,TAO_id_7,ok,done,4.2,1.4,0.0,26.6,32.2,
24,iTransformer,TAO_id_8,ok,done,4.6,1.4,0.0,20.6,26.7,
24,iTransformer,TAO_id_9,ok,done,4.6,1.4,0.0,23.3,29.3,
12,iTransformer,CATSv2_id_1,ok,done,,,0.0,4.1,4.2,
12,iTransformer,CATSv2_id_2,ok,done,,,0.0,9.7,9.8,
12,iTransformer,CATSv2_id_3,ok,done,,,0.0,24.6,24.9,
12,iTransformer,CATSv2_id_4,ok,done,,,0.0,8.3,8.4,
12,iTransformer,CATSv2_id_5,ok,done,,,0.0,26.6,26.9,
12,iTransformer,CATSv2_id_6,ok,done,,,0.0,10.0,10.2,
12,iTransformer,CreditCard,ok,done,,,0.0,64.4,64.9,
12,iTransformer,Daphnet,ok,done,,,0.0,2.0,2.0,
12,iTransformer,Exathlon_id_1,ok,done,,,0.0,2.4,2.4,
12,iTransformer,Exathlon_id_10,ok,done,,,0.0,2.0,2.0,
12,iTransformer,Exathlon_id_11,ok,done,,,0.0,2.0,2.0,
12,iTransformer,Exathlon_id_12,ok,done,,,0.0,2.0,2.0,
12,iTransformer,Exathlon_id_13,ok,done,,,0.0,3.2,3.2,
12,iTransformer,Exathlon_id_14,ok,done,,,0.0,3.5,3.5,
12,iTransformer,Exathlon_id_15,ok,done,,,0.0,9.0,9.1,
12,iTransformer,Exathlon_id_16,ok,done,,,0.0,1.9,1.9,
12,iTransformer,Exathlon_id_17,ok,done,,,0.0,8.9,9.0,
12,iTransformer,Exathlon_id_18,ok,done,,,0.0,2.1,2.1,
12,iTransformer,Exathlon_id_19,ok,done,,,0.0,2.0,2.0,
12,iTransformer,Exathlon_id_2,ok,done,,,0.0,1.8,1.8,
12,iTransformer,Exathlon_id_20,ok,done,,,0.0,2.1,2.1,
12,iTransformer,Exathlon_id_21,ok,done,,,0.0,3.2,3.2,
12,iTransformer,Exathlon_id_22,ok,done,,,0.0,3.2,3.3,
12,iTransformer,Exathlon_id_23,ok,done,,,0.0,2.0,2.0,
12,iTransformer,Exathlon_id_24,ok,done,,,0.0,3.4,3.4,
12,iTransformer,Exathlon_id_25,ok,done,,,0.0,8.9,8.9,
12,iTransformer,Exathlon_id_26,ok,done,,,0.0,8.8,8.9,
12,iTransformer,Exathlon_id_27,ok,done,,,0.0,3.2,3.2,
12,iTransformer,Exathlon_id_3,ok,done,,,0.0,3.2,3.2,
12,iTransformer,Exathlon_id_4,ok,done,,,0.0,2.0,2.0,
12,iTransformer,Exathlon_id_5,ok,done,,,0.0,9.1,9.2,
12,iTransformer,Exathlon_id_6,ok,done,,,0.0,2.7,2.8,
12,iTransformer,Exathlon_id_7,ok,done,,,0.0,3.1,3.2,
12,iTransformer,Exathlon_id_8,ok,done,,,0.0,1.9,1.9,
12,iTransformer,Exathlon_id_9,ok,done,,,0.0,3.2,3.2,
12,iTransformer,GECCO,ok,done,,,0.0,7.7,7.7,
12,iTransformer,GHL_id_1,ok,done,,,0.0,7.5,7.6,
12,iTransformer,GHL_id_10,ok,done,,,0.0,8.1,8.2,
12,iTransformer,GHL_id_11,ok,done,,,0.0,7.8,8.0,
12,iTransformer,GHL_id_12,ok,done,,,0.0,7.2,7.3,
12,iTransformer,GHL_id_13,ok,done,,,0.0,7.6,7.7,
12,iTransformer,GHL_id_14,ok,done,,,0.0,7.6,7.7,
12,iTransformer,GHL_id_15,ok,done,,,0.0,7.3,7.4,
12,iTransformer,GHL_id_16,ok,done,,,0.0,8.2,8.4,
12,iTransformer,GHL_id_17,ok,done,,,0.0,8.2,8.3,
12,iTransformer,GHL_id_18,ok,done,,,0.0,9.0,9.2,
12,iTransformer,GHL_id_19,ok,done,,,0.0,6.7,6.8,
12,iTransformer,GHL_id_2,ok,done,,,0.0,7.6,7.7,
12,iTransformer,GHL_id_20,ok,done,,,0.0,8.1,8.2,
12,iTransformer,GHL_id_21,ok,done,,,0.0,7.4,7.5,
12,iTransformer,GHL_id_22,ok,done,,,0.0,9.8,9.9,
12,iTransformer,GHL_id_23,ok,done,,,0.0,8.6,8.8,
12,iTransformer,GHL_id_24,ok,done,,,0.0,7.3,7.4,
12,iTransformer,GHL_id_25,ok,done,,,0.0,7.9,8.0,
12,iTransformer,GHL_id_3,ok,done,,,0.0,7.7,7.8,
12,iTransformer,GHL_id_4,ok,done,,,0.0,8.0,8.1,
12,iTransformer,GHL_id_5,ok,done,,,0.0,7.7,7.8,
12,iTransformer,GHL_id_6,ok,done,,,0.0,7.5,7.6,
12,iTransformer,GHL_id_7,ok,done,,,0.0,7.4,7.6,
12,iTransformer,GHL_id_8,ok,done,,,0.0,7.1,7.3,
12,iTransformer,GHL_id_9,ok,done,,,0.0,7.8,7.9,
12,iTransformer,Genesis,ok,done,,,0.0,0.9,0.9,
12,iTransformer,LTDB_id_1,ok,done,,,0.0,15.9,15.9,
12,iTransformer,LTDB_id_2,ok,done,,,0.0,30.1,30.1,
12,iTransformer,LTDB_id_3,ok,done,,,0.0,28.2,28.2,
12,iTransformer,LTDB_id_4,ok,done,,,0.0,20.2,20.2,
12,iTransformer,LTDB_id_5,ok,done,,,0.0,3.7,3.7,
12,iTransformer,MITDB_id_1,ok,done,,,0.0,10.9,10.9,
12,iTransformer,MITDB_id_10,ok,done,,,0.0,6.7,6.7,
12,iTransformer,MITDB_id_11,ok,done,,,0.0,18.9,18.9,
12,iTransformer,MITDB_id_12,ok,done,,,0.0,59.6,59.6,
12,iTransformer,MITDB_id_13,ok,done,,,0.0,30.3,30.3,
12,iTransformer,MITDB_id_2,ok,done,,,0.0,22.3,22.3,
12,iTransformer,MITDB_id_3,ok,done,,,0.0,29.0,29.1,
12,iTransformer,MITDB_id_4,ok,done,,,0.0,16.8,16.8,
12,iTransformer,MITDB_id_5,ok,done,,,0.0,4.6,4.6,
12,iTransformer,MITDB_id_6,ok,done,,,0.0,6.8,6.9,
12,iTransformer,MITDB_id_7,ok,done,,,0.0,8.3,8.3,
12,iTransformer,MITDB_id_8,ok,done,,,0.0,18.7,18.7,
12,iTransformer,MITDB_id_9,ok,done,,,0.0,3.5,3.5,
12,iTransformer,MSL_id_1,ok,done,,,0.0,0.4,0.4,
12,iTransformer,MSL_id_10,ok,done,,,0.0,0.5,0.5,
12,iTransformer,MSL_id_11,ok,done,,,0.0,0.6,0.6,
12,iTransformer,MSL_id_12,ok,done,,,0.0,0.4,0.4,
12,iTransformer,MSL_id_13,ok,done,,,0.0,0.5,0.5,
12,iTransformer,MSL_id_14,ok,done,,,0.0,0.2,0.2,
12,iTransformer,MSL_id_15,ok,done,,,0.0,0.2,0.2,
12,iTransformer,MSL_id_16,ok,done,,,0.0,0.4,0.4,
12,iTransformer,MSL_id_2,ok,done,,,0.0,0.3,0.3,
12,iTransformer,MSL_id_3,ok,done,,,0.0,0.4,0.4,
12,iTransformer,MSL_id_4,ok,done,,,0.0,0.6,0.6,
12,iTransformer,MSL_id_5,ok,done,,,0.0,0.4,0.4,
12,iTransformer,MSL_id_6,ok,done,,,0.0,0.7,0.7,
12,iTransformer,MSL_id_7,ok,done,,,0.0,0.6,0.6,
12,iTransformer,MSL_id_8,ok,done,,,0.0,0.4,0.4,
12,iTransformer,MSL_id_9,ok,done,,,0.0,0.3,0.3,
12,iTransformer,OPPORTUNITY_id_1,ok,done,,,0.0,1.6,1.8,
12,iTransformer,OPPORTUNITY_id_2,ok,done,,,0.0,0.5,0.5,
12,iTransformer,OPPORTUNITY_id_3,ok,done,,,0.0,1.5,1.7,
12,iTransformer,OPPORTUNITY_id_4,ok,done,,,0.0,0.9,0.9,
12,iTransformer,OPPORTUNITY_id_5,ok,done,,,0.0,0.7,0.7,
12,iTransformer,OPPORTUNITY_id_6,ok,done,,,0.0,1.2,1.3,
12,iTransformer,OPPORTUNITY_id_7,ok,done,,,0.0,1.7,1.9,
12,iTransformer,OPPORTUNITY_id_8,ok,done,,,0.0,1.7,1.9,
12,iTransformer,PSM,ok,done,,,0.0,20.1,20.4,
12,iTransformer,SMAP_id_1,ok,done,,,0.0,0.6,0.6,
12,iTransformer,SMAP_id_10,ok,done,,,0.0,0.5,0.5,
12,iTransformer,SMAP_id_11,ok,done,,,0.0,0.5,0.5,
12,iTransformer,SMAP_id_12,ok,done,,,0.0,0.3,0.3,
12,iTransformer,SMAP_id_13,ok,done,,,0.0,0.4,0.4,
12,iTransformer,SMAP_id_14,ok,done,,,0.0,0.6,0.7,
12,iTransformer,SMAP_id_15,ok,done,,,0.0,0.5,0.5,
12,iTransformer,SMAP_id_16,ok,done,,,0.0,0.5,0.5,
12,iTransformer,SMAP_id_17,ok,done,,,0.0,0.6,0.6,
12,iTransformer,SMAP_id_18,ok,done,,,0.0,0.5,0.6,
12,iTransformer,SMAP_id_19,ok,done,,,0.0,0.4,0.4,
12,iTransformer,SMAP_id_2,ok,done,,,0.0,0.6,0.6,
12,iTransformer,SMAP_id_20,ok,done,,,0.0,0.5,0.5,
12,iTransformer,SMAP_id_21,ok,done,,,0.0,0.5,0.5,
12,iTransformer,SMAP_id_22,ok,done,,,0.0,0.7,0.7,
12,iTransformer,SMAP_id_23,ok,done,,,0.0,0.3,0.3,
12,iTransformer,SMAP_id_24,ok,done,,,0.0,0.5,0.5,
12,iTransformer,SMAP_id_25,ok,done,,,0.0,0.6,0.6,
12,iTransformer,SMAP_id_26,ok,done,,,0.0,0.5,0.5,
12,iTransformer,SMAP_id_27,ok,done,,,0.0,0.6,0.6,
12,iTransformer,SMAP_id_3,ok,done,,,0.0,0.6,0.7,
12,iTransformer,SMAP_id_4,ok,done,,,0.0,0.5,0.5,
12,iTransformer,SMAP_id_5,ok,done,,,0.0,0.5,0.5,
12,iTransformer,SMAP_id_6,ok,done,,,0.0,0.7,0.7,
12,iTransformer,SMAP_id_7,ok,done,,,0.0,0.6,0.6,
12,iTransformer,SMAP_id_8,ok,done,,,0.0,0.5,0.5,
12,iTransformer,SMAP_id_9,ok,done,,,0.0,0.5,0.5,
12,iTransformer,SMD_id_1,ok,done,,,0.0,1.2,1.2,
12,iTransformer,SMD_id_10,ok,done,,,0.0,1.1,1.1,
12,iTransformer,SMD_id_11,ok,done,,,0.0,1.0,1.0,
12,iTransformer,SMD_id_12,ok,done,,,0.0,1.0,1.0,
12,iTransformer,SMD_id_13,ok,done,,,0.0,2.8,2.8,
12,iTransformer,SMD_id_14,ok,done,,,0.0,2.1,2.2,
12,iTransformer,SMD_id_15,ok,done,,,0.0,1.0,1.0,
12,iTransformer,SMD_id_16,ok,done,,,0.0,4.4,4.4,
12,iTransformer,SMD_id_17,ok,done,,,0.0,0.9,0.9,
12,iTransformer,SMD_id_18,ok,done,,,0.0,1.4,1.4,
12,iTransformer,SMD_id_19,ok,done,4.1,2.0,0.2,3.2,9.5,
12,iTransformer,SMD_id_2,ok,done,4.3,2.2,0.3,2.8,9.6,
12,iTransformer,SMD_id_20,ok,done,7.2,2.0,0.2,0.8,10.3,
12,iTransformer,SMD_id_21,ok,done,4.7,1.9,0.2,2.4,9.3,
12,iTransformer,SMD_id_22,ok,done,4.1,2.0,0.2,3.0,9.3,
12,iTransformer,SMD_id_3,ok,done,3.3,2.0,0.2,1.0,6.6,
12,iTransformer,SMD_id_4,ok,done,9.6,2.2,0.3,1.8,13.9,
12,iTransformer,SMD_id_5,ok,done,7.6,2.1,0.3,2.2,12.3,
12,iTransformer,SMD_id_6,ok,done,6.4,2.2,0.3,2.7,11.7,
12,iTransformer,SMD_id_7,ok,done,5.9,2.2,0.3,3.0,11.3,
12,iTransformer,SMD_id_8,ok,done,5.4,1.9,0.2,2.3,9.8,
12,iTransformer,SMD_id_9,ok,done,2.6,2.0,0.2,2.2,7.1,
12,iTransformer,SVDB_id_1,ok,done,12.2,6.6,0.3,13.3,32.4,
12,iTransformer,SVDB_id_10,ok,done,4.0,6.6,0.3,52.2,63.0,
12,iTransformer,SVDB_id_11,ok,done,16.3,3.0,0.1,3.4,22.9,
12,iTransformer,SVDB_id_12,ok,done,7.6,6.6,0.3,22.8,37.4,
12,iTransformer,SVDB_id_13,ok,done,4.1,6.6,0.3,21.1,32.0,
12,iTransformer,SVDB_id_14,ok,done,4.5,6.6,0.3,85.7,97.2,
12,iTransformer,SVDB_id_15,ok,done,4.4,6.7,0.3,32.7,44.2,
12,iTransformer,SVDB_id_16,ok,done,2.9,6.5,0.3,45.7,55.5,
12,iTransformer,SVDB_id_17,ok,done,14.6,4.2,0.2,8.2,27.1,
12,iTransformer,SVDB_id_18,ok,done,5.6,6.5,0.3,24.4,36.9,
12,iTransformer,SVDB_id_19,ok,done,34.6,6.6,0.3,10.6,52.1,
12,iTransformer,SVDB_id_2,ok,done,34.9,6.5,0.3,20.7,62.5,
12,iTransformer,SVDB_id_20,ok,done,11.5,6.5,0.3,13.8,32.2,
12,iTransformer,SVDB_id_21,ok,done,34.8,6.6,0.3,10.2,51.9,
12,iTransformer,SVDB_id_22,ok,done,3.6,4.8,0.4,23.1,32.0,
12,iTransformer,SVDB_id_23,ok,done,26.9,4.7,0.2,5.3,37.1,
12,iTransformer,SVDB_id_24,ok,done,24.4,6.6,0.3,17.8,49.1,
12,iTransformer,SVDB_id_25,ok,done,4.6,6.6,0.3,12.9,24.4,
12,iTransformer,SVDB_id_26,ok,done,2.6,6.6,0.3,56.4,66.0,
12,iTransformer,SVDB_id_27,ok,done,22.9,6.5,0.3,16.4,46.2,
12,iTransformer,SVDB_id_28,ok,done,5.2,6.5,0.3,45.1,57.2,
12,iTransformer,SVDB_id_29,ok,done,7.8,6.6,0.3,12.9,27.6,
12,iTransformer,SVDB_id_3,ok,done,3.2,6.5,0.3,33.4,43.4,
12,iTransformer,SVDB_id_30,ok,done,7.3,6.5,0.3,10.2,24.3,
12,iTransformer,SVDB_id_31,ok,done,13.7,3.5,0.1,3.7,21.0,
12,iTransformer,SVDB_id_4,ok,done,7.4,6.6,0.5,30.0,44.5,
12,iTransformer,SVDB_id_5,ok,done,3.7,6.5,0.3,68.8,79.4,
12,iTransformer,SVDB_id_6,ok,done,34.6,6.5,0.3,9.4,50.8,
12,iTransformer,SVDB_id_7,ok,done,11.2,2.3,0.1,4.4,18.0,
12,iTransformer,SVDB_id_8,ok,done,2.7,6.5,0.3,28.9,38.4,
12,iTransformer,SVDB_id_9,ok,done,5.7,6.5,0.3,15.5,28.0,
12,iTransformer,SWaT_id_1,ok,done,4.7,1.9,0.2,1.8,8.6,
12,iTransformer,SWaT_id_2,ok,done,20.8,18.2,4.7,38.3,82.7,
12,iTransformer,TAO_id_1,ok,done,3.7,1.4,0.0,29.3,34.4,
12,iTransformer,TAO_id_10,ok,done,4.2,1.4,0.0,53.8,59.4,
12,iTransformer,TAO_id_11,ok,done,4.6,1.4,0.0,49.2,55.4,
12,iTransformer,TAO_id_12,ok,done,4.9,1.4,0.0,29.0,35.3,
12,iTransformer,TAO_id_13,ok,done,3.8,1.4,0.0,52.3,57.5,
12,iTransformer,TAO_id_2,ok,done,4.7,1.4,0.0,60.7,66.9,
12,iTransformer,TAO_id_3,ok,done,4.5,1.5,0.0,14.1,20.1,
12,iTransformer,TAO_id_4,ok,done,4.4,1.4,0.0,39.3,45.0,
12,iTransformer,TAO_id_5,ok,done,2.5,1.4,0.0,52.3,56.1,
12,iTransformer,TAO_id_6,ok,done,4.5,1.3,0.0,52.4,58.3,
12,iTransformer,TAO_id_7,ok,done,4.8,1.3,0.0,42.4,48.5,
12,iTransformer,TAO_id_8,ok,done,2.8,1.4,0.0,27.8,32.0,
12,iTransformer,TAO_id_9,ok,done,4.2,1.4,0.0,20.7,26.3,
12,TTM,CATSv2_id_1,ok,done,5.3,10.2,0.6,4.0,20.1,
12,TTM,CATSv2_id_2,ok,done,5.5,14.8,1.2,38.7,60.3,
12,TTM,CATSv2_id_3,ok,done,5.2,25.1,2.2,24.9,57.8,
12,TTM,CATSv2_id_4,ok,done,5.2,15.2,1.1,8.3,30.0,
12,TTM,CATSv2_id_5,ok,done,5.1,22.1,1.9,23.8,53.2,
12,TTM,CATSv2_id_6,ok,done,5.2,14.9,1.2,9.9,31.3,
12,TTM,CreditCard,ok,done,5.1,25.0,2.7,22.3,55.5,
12,TTM,Daphnet,ok,done,5.4,6.6,0.1,1.9,14.1,
12,TTM,Exathlon_id_1,ok,done,5.1,7.3,0.2,2.3,15.0,
12,TTM,Exathlon_id_10,ok,done,5.0,7.6,0.3,2.0,14.9,
12,TTM,Exathlon_id_11,ok,done,5.0,7.5,0.2,2.0,14.7,
12,TTM,Exathlon_id_12,ok,done,5.2,7.5,0.2,2.0,15.0,
12,TTM,Exathlon_id_13,ok,done,5.1,8.3,0.4,2.9,16.8,
12,TTM,Exathlon_id_14,ok,done,5.1,7.4,0.2,3.5,16.2,
12,TTM,Exathlon_id_15,ok,done,5.0,12.4,0.7,8.7,26.8,
12,TTM,Exathlon_id_16,ok,done,5.2,7.0,0.2,1.8,14.2,
12,TTM,Exathlon_id_17,ok,done,5.0,12.3,0.7,8.7,26.8,
12,TTM,Exathlon_id_18,ok,done,5.1,7.9,0.3,2.0,15.2,
12,TTM,Exathlon_id_19,ok,done,5.2,7.7,0.3,2.0,15.1,
12,TTM,Exathlon_id_2,ok,done,5.2,7.0,0.1,1.7,14.0,
12,TTM,Exathlon_id_20,ok,done,5.1,6.8,0.1,2.0,14.2,
12,TTM,Exathlon_id_21,ok,done,5.2,7.3,0.2,3.2,15.8,
12,TTM,Exathlon_id_22,ok,done,5.4,8.6,0.4,2.9,17.3,
12,TTM,Exathlon_id_23,ok,done,5.3,7.7,0.2,2.0,15.2,
12,TTM,Exathlon_id_24,ok,done,5.2,8.4,0.4,3.0,16.9,
12,TTM,Exathlon_id_25,ok,done,5.2,12.6,0.8,8.7,27.3,
12,TTM,Exathlon_id_26,ok,done,5.4,12.6,0.8,8.6,27.5,
12,TTM,Exathlon_id_27,ok,done,5.2,8.4,0.4,2.9,17.0,
12,TTM,Exathlon_id_3,ok,done,5.2,8.3,0.4,3.0,17.0,
12,TTM,Exathlon_id_4,ok,done,5.1,7.6,0.3,2.0,15.0,
12,TTM,Exathlon_id_5,ok,done,5.1,12.5,0.8,8.7,27.2,
12,TTM,Exathlon_id_6,ok,done,5.1,8.6,0.4,2.8,17.0,
12,TTM,Exathlon_id_7,ok,done,5.1,8.6,0.4,3.0,17.2,
12,TTM,Exathlon_id_8,ok,done,5.2,7.1,0.2,1.8,14.4,
12,TTM,Exathlon_id_9,ok,done,5.2,8.3,0.4,3.0,17.1,
12,TTM,GECCO,ok,done,5.1,10.4,0.4,7.6,23.5,
12,TTM,GHL_id_1,ok,done,5.3,16.5,0.9,11.9,34.9,
12,TTM,GHL_id_10,ok,done,5.1,16.6,0.9,16.7,39.4,
12,TTM,GHL_id_11,ok,done,5.3,16.5,0.9,15.7,38.6,
12,TTM,GHL_id_12,ok,done,5.0,16.5,0.9,12.3,34.9,
12,TTM,GHL_id_13,ok,done,5.3,16.5,1.0,13.1,36.1,
12,TTM,GHL_id_14,ok,done,5.2,16.2,1.0,16.6,39.1,
12,TTM,GHL_id_15,ok,done,5.1,16.0,0.9,9.0,31.1,
12,TTM,GHL_id_16,ok,done,5.2,16.0,1.0,19.0,41.3,
12,TTM,GHL_id_17,ok,done,5.2,15.9,0.9,9.6,31.9,
12,TTM,GHL_id_18,ok,done,5.2,16.2,0.9,23.1,45.6,
12,TTM,GHL_id_19,ok,done,5.2,15.1,0.8,12.6,33.8,
12,TTM,GHL_id_2,ok,done,5.2,16.2,1.0,9.9,32.5,
12,TTM,GHL_id_20,ok,done,5.4,16.1,0.9,15.2,37.7,
12,TTM,GHL_id_21,ok,done,5.2,16.1,0.9,14.6,37.0,
12,TTM,GHL_id_22,ok,done,5.1,16.0,0.9,25.2,47.3,
12,TTM,GHL_id_23,ok,done,5.2,16.0,0.9,20.6,42.9,
12,TTM,GHL_id_24,ok,done,5.3,16.0,0.9,15.0,37.3,
12,TTM,GHL_id_25,ok,done,5.0,16.2,0.9,12.3,34.5,
12,TTM,GHL_id_3,ok,done,5.5,16.0,0.9,16.7,39.2,
12,TTM,GHL_id_4,ok,done,5.1,16.0,1.0,18.2,40.4,
12,TTM,GHL_id_5,ok,done,5.0,15.9,1.0,17.7,39.8,
12,TTM,GHL_id_6,ok,done,5.2,16.0,1.0,11.4,33.8,
12,TTM,GHL_id_7,ok,done,5.1,16.0,1.0,9.3,31.4,
12,TTM,GHL_id_8,ok,done,5.3,16.2,1.0,8.6,31.2,
12,TTM,GHL_id_9,ok,done,5.2,15.9,1.0,18.4,40.6,
12,TTM,Genesis,ok,done,5.0,6.0,0.1,1.0,12.1,
12,TTM,LTDB_id_1,ok,done,5.2,8.1,0.1,16.2,29.5,
12,TTM,LTDB_id_2,ok,done,5.1,8.1,0.2,30.6,44.0,
12,TTM,LTDB_id_3,ok,done,5.4,8.1,0.1,25.1,38.8,
12,TTM,LTDB_id_4,ok,done,5.0,8.1,0.1,18.6,31.9,
12,TTM,LTDB_id_5,ok,done,5.2,8.1,0.1,4.1,17.6,
12,TTM,MITDB_id_1,ok,done,5.2,9.7,0.3,11.8,27.0,
12,TTM,MITDB_id_10,ok,done,5.1,9.6,0.2,7.5,22.4,
12,TTM,MITDB_id_11,ok,done,5.2,23.3,0.9,19.2,48.6,
12,TTM,MITDB_id_12,ok,done,5.2,23.9,0.9,74.4,104.5,
12,TTM,MITDB_id_13,ok,done,5.0,18.5,0.8,32.6,56.9,
12,TTM,MITDB_id_2,ok,done,5.2,24.7,1.0,24.7,55.7,
12,TTM,MITDB_id_3,ok,done,5.0,20.2,0.8,39.0,65.0,
12,TTM,MITDB_id_4,ok,done,5.3,14.1,0.4,19.7,39.5,
12,TTM,MITDB_id_5,ok,done,5.1,8.1,0.1,5.3,18.6,
12,TTM,MITDB_id_6,ok,done,5.2,11.2,0.3,6.8,23.5,
12,TTM,MITDB_id_7,ok,done,5.1,9.7,0.2,8.8,23.8,
12,TTM,MITDB_id_8,ok,done,5.2,17.2,0.5,19.3,42.3,
12,TTM,MITDB_id_9,ok,done,5.2,7.9,0.1,3.9,17.2,
12,TTM,MSL_id_1,ok,done,5.2,5.3,0.0,0.5,11.0,
12,TTM,MSL_id_10,ok,done,5.1,5.8,0.1,0.5,11.4,
12,TTM,MSL_id_11,ok,done,5.0,5.3,0.0,0.6,11.0,
12,TTM,MSL_id_12,ok,done,5.1,5.4,0.0,0.4,10.9,
12,TTM,MSL_id_13,ok,done,5.1,5.6,0.1,0.5,11.4,
12,TTM,MSL_id_14,ok,done,5.0,5.3,0.0,0.3,10.7,
12,TTM,MSL_id_15,ok,done,4.9,5.5,0.0,0.2,10.6,
12,TTM,MSL_id_16,ok,done,4.9,5.2,0.0,0.5,10.6,
12,TTM,MSL_id_2,ok,done,5.0,5.5,0.0,0.4,11.0,
12,TTM,MSL_id_3,ok,done,5.0,5.5,0.0,0.4,11.0,
12,TTM,MSL_id_4,ok,done,5.0,5.4,0.0,0.6,11.1,
12,TTM,MSL_id_5,ok,done,5.1,5.5,0.0,0.5,11.1,
12,TTM,MSL_id_6,ok,done,5.1,5.5,0.0,0.7,11.4,
12,TTM,MSL_id_7,ok,done,5.2,5.7,0.0,0.6,11.5,
12,TTM,MSL_id_8,ok,done,5.0,5.3,0.0,0.4,10.8,
12,TTM,MSL_id_9,ok,done,6.5,5.3,0.0,0.3,12.1,
12,TTM,OPPORTUNITY_id_1,ok,done,4.9,19.3,2.1,1.8,28.3,
12,TTM,OPPORTUNITY_id_2,ok,done,5.1,7.9,0.4,0.4,13.9,
12,TTM,OPPORTUNITY_id_3,ok,done,5.1,21.5,2.5,1.6,31.0,
12,TTM,OPPORTUNITY_id_4,ok,done,5.1,10.6,0.8,0.8,17.4,
12,TTM,OPPORTUNITY_id_5,ok,done,4.9,9.1,0.6,0.7,15.3,
12,TTM,OPPORTUNITY_id_6,ok,done,5.0,14.6,1.4,1.2,22.3,
12,TTM,OPPORTUNITY_id_7,ok,done,5.1,17.7,1.9,1.9,26.8,
12,TTM,OPPORTUNITY_id_8,ok,done,5.1,21.1,2.3,1.7,30.4,
12,TTM,PSM,ok,done,5.2,19.1,1.8,19.8,46.2,
12,TTM,SMAP_id_1,ok,done,5.4,5.7,0.0,0.6,11.7,
12,TTM,SMAP_id_10,ok,done,5.1,5.7,0.0,0.7,11.6,
12,TTM,SMAP_id_11,ok,done,5.3,5.6,0.0,0.7,11.7,
12,TTM,SMAP_id_12,ok,done,5.1,5.4,0.0,0.3,10.8,
12,TTM,SMAP_id_13,ok,done,5.1,5.5,0.0,0.5,11.1,
12,TTM,SMAP_id_14,ok,done,5.3,5.7,0.0,0.8,11.8,
12,TTM,SMAP_id_15,ok,done,5.1,5.6,0.0,0.5,11.2,
12,TTM,SMAP_id_16,ok,done,4.9,5.7,0.0,0.4,11.1,
12,TTM,SMAP_id_17,ok,done,5.1,5.6,0.0,0.7,11.5,
12,TTM,SMAP_id_18,ok,done,5.2,5.8,0.0,0.6,11.7,
12,TTM,SMAP_id_19,ok,done,5.0,5.7,0.0,0.5,11.1,
12,TTM,SMAP_id_2,ok,done,5.1,5.7,0.0,0.7,11.5,
12,TTM,SMAP_id_20,ok,done,4.9,5.7,0.1,0.7,11.3,
12,TTM,SMAP_id_21,ok,done,4.9,5.6,0.0,0.6,11.2,
12,TTM,SMAP_id_22,ok,done,5.2,5.6,0.1,0.8,11.7,
12,TTM,SMAP_id_23,ok,done,5.2,5.5,0.0,0.3,11.0,
12,TTM,SMAP_id_24,ok,done,5.2,5.7,0.0,0.8,11.8,
12,TTM,SMAP_id_25,ok,done,4.9,5.6,0.0,0.6,11.2,
12,TTM,SMAP_id_26,ok,done,5.2,5.5,0.0,0.5,11.3,
12,TTM,SMAP_id_27,ok,done,5.2,5.6,0.0,0.7,11.5,
12,TTM,SMAP_id_3,ok,done,5.0,5.9,0.0,0.8,11.7,
12,TTM,SMAP_id_4,ok,done,5.2,5.5,0.0,0.7,11.4,
12,TTM,SMAP_id_5,ok,done,5.2,5.6,0.0,0.6,11.3,
12,TTM,SMAP_id_6,ok,done,5.1,5.6,0.0,0.8,11.6,
12,TTM,SMAP_id_7,ok,done,5.0,5.7,0.0,0.6,11.3,
12,TTM,SMAP_id_8,ok,done,5.1,5.5,0.0,0.5,11.2,
12,TTM,SMAP_id_9,ok,done,5.1,5.6,0.0,0.6,11.4,
12,TTM,SMD_id_1,ok,done,5.2,7.2,0.2,1.3,13.9,
12,TTM,SMD_id_10,ok,done,5.1,7.1,0.2,1.2,13.7,
12,TTM,SMD_id_11,ok,done,4.9,6.8,0.2,1.0,13.0,
12,TTM,SMD_id_12,ok,done,5.0,7.8,0.3,1.0,14.1,
12,TTM,SMD_id_13,ok,done,5.1,6.8,0.2,2.8,15.0,
12,TTM,SMD_id_14,ok,done,4.8,7.7,0.3,2.1,14.9,
12,TTM,SMD_id_15,ok,done,4.9,7.5,0.3,1.1,13.9,
12,TTM,SMD_id_16,ok,done,4.9,7.3,0.3,4.4,16.9,
12,TTM,SMD_id_17,ok,done,5.2,7.2,0.2,0.9,13.5,
12,TTM,SMD_id_18,ok,done,5.1,7.7,0.3,1.4,14.5,
12,TTM,SMD_id_19,ok,done,4.8,7.1,0.2,3.1,15.3,
12,TTM,SMD_id_2,ok,done,5.0,7.6,0.3,2.8,15.8,
12,TTM,SMD_id_20,ok,done,5.0,7.2,0.2,0.8,13.2,
12,TTM,SMD_id_21,ok,done,5.0,6.8,0.2,2.4,14.5,
12,TTM,SMD_id_22,ok,done,5.1,7.3,0.2,2.9,15.5,
12,TTM,SMD_id_3,ok,done,5.0,7.2,0.2,1.0,13.5,
12,TTM,SMD_id_4,ok,done,5.1,7.5,0.3,1.8,14.8,
12,TTM,SMD_id_5,ok,done,5.1,7.4,0.3,2.1,14.9,
12,TTM,SMD_id_6,ok,done,5.0,7.4,0.3,2.6,15.3,
12,TTM,SMD_id_7,ok,done,4.8,7.1,0.2,2.9,15.0,
12,TTM,SMD_id_8,ok,done,5.0,6.8,0.2,2.3,14.4,
12,TTM,SMD_id_9,ok,done,5.1,7.1,0.2,2.1,14.5,
12,TTM,SVDB_id_1,ok,done,5.1,11.9,0.4,12.4,29.8,
12,TTM,SVDB_id_10,ok,done,5.2,12.3,0.4,30.3,48.1,
12,TTM,SVDB_id_11,ok,done,5.2,7.6,0.1,3.5,16.4,
12,TTM,SVDB_id_12,ok,done,5.2,12.1,0.4,17.2,35.0,
12,TTM,SVDB_id_13,ok,done,5.2,12.2,0.4,18.1,35.9,
12,TTM,SVDB_id_14,ok,done,5.2,12.2,0.3,54.7,72.5,
12,TTM,SVDB_id_15,ok,done,5.3,11.9,0.3,25.2,42.8,
12,TTM,SVDB_id_16,ok,done,5.2,12.0,0.4,27.2,44.7,
12,TTM,SVDB_id_17,ok,done,5.2,9.1,0.2,11.0,25.5,
12,TTM,SVDB_id_18,ok,done,5.0,12.2,0.3,24.8,42.3,
12,TTM,SVDB_id_19,ok,done,5.1,11.9,0.3,13.2,30.6,
12,TTM,SVDB_id_2,ok,done,5.1,11.8,0.3,21.8,39.1,
12,TTM,SVDB_id_20,ok,done,5.1,11.9,0.4,18.9,36.3,
12,TTM,SVDB_id_21,ok,done,5.2,12.2,0.4,11.5,29.3,
12,TTM,SVDB_id_22,ok,done,5.2,9.7,0.2,20.9,36.1,
12,TTM,SVDB_id_23,ok,done,5.2,9.6,0.3,5.5,20.5,
12,TTM,SVDB_id_24,ok,done,5.2,11.9,0.4,24.7,42.1,
12,TTM,SVDB_id_25,ok,done,5.2,12.3,0.3,11.1,28.9,
12,TTM,SVDB_id_26,ok,done,5.2,12.4,0.4,38.0,56.0,
12,TTM,SVDB_id_27,ok,done,5.2,12.1,0.4,20.0,37.7,
12,TTM,SVDB_id_28,ok,done,5.2,12.1,0.3,49.8,67.5,
12,TTM,SVDB_id_29,ok,done,5.2,12.4,0.4,15.5,33.6,
12,TTM,SVDB_id_3,ok,done,5.2,12.1,0.4,30.8,48.5,
12,TTM,SVDB_id_30,ok,done,5.3,12.2,0.4,10.9,28.9,
12,TTM,SVDB_id_31,ok,done,5.1,8.1,0.2,4.5,17.9,
12,TTM,SVDB_id_4,ok,done,5.3,12.2,0.4,33.9,51.7,
12,TTM,SVDB_id_5,ok,done,5.2,12.2,0.3,45.9,63.6,
12,TTM,SVDB_id_6,ok,done,5.3,12.0,0.4,11.0,28.7,
12,TTM,SVDB_id_7,ok,done,5.2,6.7,0.1,5.5,17.4,
12,TTM,SVDB_id_8,ok,done,5.2,11.9,0.3,26.4,43.9,
12,TTM,SVDB_id_9,ok,done,5.2,12.1,0.4,15.5,33.2,
12,TTM,SWaT_id_1,ok,done,5.1,6.8,0.2,1.8,14.0,
12,TTM,SWaT_id_2,ok,done,5.1,47.6,4.0,37.3,94.6,
12,TTM,TAO_id_1,ok,done,5.1,5.4,0.0,13.4,23.9,
12,TTM,TAO_id_10,ok,done,5.1,5.3,0.0,35.1,45.5,
12,TTM,TAO_id_11,ok,done,5.0,5.4,0.0,32.5,43.0,
12,TTM,TAO_id_12,ok,done,5.3,5.7,0.0,12.8,23.8,
12,TTM,TAO_id_13,ok,done,5.3,5.4,0.0,28.7,39.3,
12,TTM,TAO_id_2,ok,done,5.2,5.5,0.0,21.6,32.3,
12,TTM,TAO_id_3,ok,done,5.2,5.4,0.0,11.2,21.9,
12,TTM,TAO_id_4,ok,done,5.2,5.6,0.0,26.1,36.8,
12,TTM,TAO_id_5,ok,done,5.2,5.4,0.0,27.3,37.9,
12,TTM,TAO_id_6,ok,done,5.1,5.6,0.0,28.7,39.5,
12,TTM,TAO_id_7,ok,done,5.2,5.5,0.0,21.6,32.4,
12,TTM,TAO_id_8,ok,done,5.2,5.5,0.0,14.7,25.4,
12,TTM,TAO_id_9,ok,done,5.0,5.3,0.0,13.0,23.3,
24,TTM,CATSv2_id_1,ok,done,5.0,10.1,0.8,4.1,20.2,
24,TTM,CATSv2_id_2,ok,done,5.2,14.7,1.5,38.8,60.4,
24,TTM,CATSv2_id_3,ok,done,5.1,25.0,2.8,24.8,58.0,
24,TTM,CATSv2_id_4,ok,done,5.3,14.8,1.5,8.2,29.9,
24,TTM,CATSv2_id_5,ok,done,5.3,22.3,2.4,23.8,54.2,
24,TTM,CATSv2_id_6,ok,done,5.0,15.2,1.5,9.8,31.7,
24,TTM,CreditCard,ok,done,5.3,25.1,3.3,22.3,56.4,
24,TTM,Daphnet,ok,done,5.2,6.5,0.2,1.9,13.8,
24,TTM,Exathlon_id_1,ok,done,4.9,7.3,0.3,2.3,14.8,
24,TTM,Exathlon_id_10,ok,done,5.0,7.4,0.3,2.0,14.7,
24,TTM,Exathlon_id_11,ok,done,5.1,7.5,0.3,2.0,14.9,
24,TTM,Exathlon_id_12,ok,done,5.0,7.3,0.3,1.9,14.7,
24,TTM,Exathlon_id_13,ok,done,5.0,8.3,0.5,2.9,16.7,
24,TTM,Exathlon_id_14,ok,done,4.9,7.4,0.3,3.5,16.1,
24,TTM,Exathlon_id_15,ok,done,5.2,12.2,1.1,8.6,27.2,
24,TTM,Exathlon_id_16,ok,done,5.2,7.2,0.2,1.8,14.5,
24,TTM,Exathlon_id_17,ok,done,5.0,12.1,1.0,8.7,27.0,
24,TTM,Exathlon_id_18,ok,done,5.2,7.6,0.3,2.0,15.1,
24,TTM,Exathlon_id_19,ok,done,4.9,7.4,0.3,1.9,14.6,
24,TTM,Exathlon_id_2,ok,done,5.1,6.7,0.2,1.7,13.7,
24,TTM,Exathlon_id_20,ok,done,5.2,6.7,0.2,2.0,14.0,
24,TTM,Exathlon_id_21,ok,done,5.1,6.9,0.2,3.4,15.7,
24,TTM,Exathlon_id_22,ok,done,5.1,8.1,0.6,2.9,16.7,
24,TTM,Exathlon_id_23,ok,done,5.0,7.4,0.3,1.9,14.7,
24,TTM,Exathlon_id_24,ok,done,5.1,8.2,0.5,2.9,16.8,
24,TTM,Exathlon_id_25,ok,done,4.9,12.3,1.1,8.7,27.0,
24,TTM,Exathlon_id_26,ok,done,5.0,12.6,1.0,8.7,27.4,
24,TTM,Exathlon_id_27,ok,done,5.1,8.4,0.6,2.9,17.1,
24,TTM,Exathlon_id_3,ok,done,5.2,8.1,0.5,3.1,17.1,
24,TTM,Exathlon_id_4,ok,done,5.1,7.5,0.4,2.0,14.9,
24,TTM,Exathlon_id_5,ok,done,5.1,12.2,1.0,8.6,27.1,
24,TTM,Exathlon_id_6,ok,done,5.3,8.4,0.6,2.6,17.0,
24,TTM,Exathlon_id_7,ok,done,4.9,8.3,0.5,3.1,16.9,
24,TTM,Exathlon_id_8,ok,done,5.0,7.1,0.2,1.8,14.1,
24,TTM,Exathlon_id_9,ok,done,5.2,8.3,0.5,3.1,17.1,
24,TTM,GECCO,ok,done,5.0,10.1,0.6,7.6,23.3,
24,TTM,GHL_id_1,ok,done,5.1,16.0,1.2,10.8,33.4,
24,TTM,GHL_id_10,ok,done,5.3,16.1,1.3,16.8,39.6,
24,TTM,GHL_id_11,ok,done,5.1,16.1,1.3,15.8,38.5,
24,TTM,GHL_id_12,ok,done,5.0,16.1,1.2,10.8,33.3,
24,TTM,GHL_id_13,ok,done,5.2,16.2,1.2,12.6,35.3,
24,TTM,GHL_id_14,ok,done,5.2,16.4,1.3,14.8,37.8,
24,TTM,GHL_id_15,ok,done,5.3,16.6,1.3,8.7,32.0,
24,TTM,GHL_id_16,ok,done,5.1,16.4,1.3,18.9,41.8,
24,TTM,GHL_id_17,ok,done,5.4,16.3,1.5,9.5,32.8,
24,TTM,GHL_id_18,ok,done,5.0,16.2,1.3,23.0,45.7,
24,TTM,GHL_id_19,ok,done,5.2,14.9,1.2,11.4,32.8,
24,TTM,GHL_id_2,ok,done,5.6,16.5,1.3,9.4,32.9,
24,TTM,GHL_id_20,ok,done,5.3,16.6,1.3,15.4,38.7,
24,TTM,GHL_id_21,ok,done,5.5,16.5,1.4,14.7,38.2,
24,TTM,GHL_id_22,ok,done,5.2,16.6,1.4,25.2,48.5,
24,TTM,GHL_id_23,ok,done,5.1,16.4,1.4,20.5,43.4,
24,TTM,GHL_id_24,ok,done,5.1,16.7,1.3,14.5,37.8,
24,TTM,GHL_id_25,ok,done,5.2,16.3,1.3,11.2,34.2,
24,TTM,GHL_id_3,ok,done,5.1,16.3,1.3,16.7,39.5,
24,TTM,GHL_id_4,ok,done,5.2,16.2,1.3,18.4,41.2,
24,TTM,GHL_id_5,ok,done,5.1,16.3,1.4,17.7,40.6,
24,TTM,GHL_id_6,ok,done,5.1,16.0,1.4,9.7,32.3,
24,TTM,GHL_id_7,ok,done,5.2,16.6,1.4,9.0,32.3,
24,TTM,GHL_id_8,ok,done,5.2,16.3,1.4,8.5,31.5,
24,TTM,GHL_id_9,ok,done,5.2,16.1,1.3,18.3,41.0,
24,TTM,Genesis,ok,done,5.1,6.2,0.1,1.1,12.5,
24,TTM,LTDB_id_1,ok,done,5.0,8.1,0.2,16.6,29.9,
24,TTM,LTDB_id_2,ok,done,5.1,8.3,0.3,30.7,44.4,
24,TTM,LTDB_id_3,ok,done,5.3,8.3,0.2,28.0,41.7,
24,TTM,LTDB_id_4,ok,done,5.3,8.1,0.2,18.7,32.3,
24,TTM,LTDB_id_5,ok,done,5.1,8.6,0.2,3.8,17.8,
24,TTM,MITDB_id_1,ok,done,5.2,9.9,0.4,12.1,27.6,
24,TTM,MITDB_id_10,ok,done,5.3,9.8,0.3,7.3,22.7,
24,TTM,MITDB_id_11,ok,done,5.4,23.7,1.3,19.4,49.8,
24,TTM,MITDB_id_12,ok,done,5.1,23.8,1.3,84.9,115.1,
24,TTM,MITDB_id_13,ok,done,5.3,18.9,0.9,31.9,57.0,
24,TTM,MITDB_id_2,ok,done,5.3,24.7,1.3,24.7,56.1,
24,TTM,MITDB_id_3,ok,done,5.3,20.3,1.1,39.3,66.0,
24,TTM,MITDB_id_4,ok,done,5.3,14.3,0.7,20.3,40.6,
24,TTM,MITDB_id_5,ok,done,5.3,8.3,0.2,5.4,19.2,
24,TTM,MITDB_id_6,ok,done,5.2,11.3,0.3,6.8,23.6,
24,TTM,MITDB_id_7,ok,done,5.2,9.7,0.3,8.5,23.8,
24,TTM,MITDB_id_8,ok,done,5.1,17.4,0.8,18.7,42.1,
24,TTM,MITDB_id_9,ok,done,5.0,7.9,0.2,4.1,17.3,
24,TTM,MSL_id_1,ok,done,5.2,5.2,0.0,0.4,10.9,
24,TTM,MSL_id_10,ok,done,5.0,5.7,0.1,0.5,11.3,
24,TTM,MSL_id_11,ok,done,5.0,5.1,0.0,0.6,10.8,
24,TTM,MSL_id_12,ok,done,5.1,5.4,0.0,0.4,10.8,
24,TTM,MSL_id_13,ok,done,5.1,5.8,0.1,0.5,11.6,
24,TTM,MSL_id_14,ok,done,5.0,5.3,0.0,0.4,10.7,
24,TTM,MSL_id_15,ok,done,5.2,5.3,0.0,0.2,10.7,
24,TTM,MSL_id_16,ok,done,5.2,5.3,0.0,0.5,10.9,
24,TTM,MSL_id_2,ok,done,5.0,5.5,0.0,0.4,10.9,
24,TTM,MSL_id_3,ok,done,5.2,5.2,0.0,0.4,10.9,
24,TTM,MSL_id_4,ok,done,4.9,5.6,0.1,0.6,11.2,
24,TTM,MSL_id_5,ok,done,5.3,5.8,0.1,0.5,11.6,
24,TTM,MSL_id_6,ok,done,5.1,5.4,0.1,0.7,11.2,
24,TTM,MSL_id_7,ok,done,5.0,5.5,0.0,0.6,11.2,
24,TTM,MSL_id_8,ok,done,5.1,5.5,0.0,0.4,11.0,
24,TTM,MSL_id_9,ok,done,5.0,5.1,0.0,0.3,10.4,
24,TTM,OPPORTUNITY_id_1,ok,done,5.0,20.0,2.9,1.8,29.9,
24,TTM,OPPORTUNITY_id_2,ok,done,5.1,8.1,0.6,0.4,14.3,
24,TTM,OPPORTUNITY_id_3,ok,done,5.2,22.1,3.4,1.6,32.5,
24,TTM,OPPORTUNITY_id_4,ok,done,5.1,10.5,1.1,0.8,17.5,
24,TTM,OPPORTUNITY_id_5,ok,done,4.9,9.2,0.9,0.7,15.7,
24,TTM,OPPORTUNITY_id_6,ok,done,5.0,15.0,2.0,1.2,23.3,
24,TTM,OPPORTUNITY_id_7,ok,done,5.2,18.4,2.6,2.1,28.4,
24,TTM,OPPORTUNITY_id_8,ok,done,5.4,21.4,3.2,1.7,31.9,
24,TTM,PSM,ok,done,5.3,19.3,2.2,19.9,47.0,
24,TTM,SMAP_id_1,ok,done,5.1,5.5,0.1,0.6,11.3,
24,TTM,SMAP_id_10,ok,done,5.0,5.7,0.1,0.7,11.5,
24,TTM,SMAP_id_11,ok,done,5.0,5.7,0.1,0.7,11.4,
24,TTM,SMAP_id_12,ok,done,5.1,5.8,0.1,0.3,11.3,
24,TTM,SMAP_id_13,ok,done,5.0,5.5,0.0,0.5,11.0,
24,TTM,SMAP_id_14,ok,done,5.3,6.1,0.1,0.8,12.2,
24,TTM,SMAP_id_15,ok,done,5.0,5.5,0.1,0.5,11.1,
24,TTM,SMAP_id_16,ok,done,5.1,5.5,0.0,0.4,11.1,
24,TTM,SMAP_id_17,ok,done,5.1,5.7,0.0,0.7,11.5,
24,TTM,SMAP_id_18,ok,done,5.2,5.6,0.1,0.7,11.5,
24,TTM,SMAP_id_19,ok,done,5.1,5.4,0.0,0.5,11.0,
24,TTM,SMAP_id_2,ok,done,5.0,5.7,0.1,0.7,11.5,
24,TTM,SMAP_id_20,ok,done,5.1,5.7,0.1,0.7,11.5,
24,TTM,SMAP_id_21,ok,done,5.1,5.6,0.1,0.6,11.4,
24,TTM,SMAP_id_22,ok,done,5.0,5.4,0.1,0.8,11.3,
24,TTM,SMAP_id_23,ok,done,5.1,5.4,0.0,0.3,10.7,
24,TTM,SMAP_id_24,ok,done,5.1,5.7,0.1,0.7,11.6,
24,TTM,SMAP_id_25,ok,done,5.2,5.7,0.0,0.6,11.6,
24,TTM,SMAP_id_26,ok,done,5.1,5.4,0.0,0.5,11.1,
24,TTM,SMAP_id_27,ok,done,5.1,5.8,0.1,0.8,11.7,
24,TTM,SMAP_id_3,ok,done,5.1,5.5,0.1,0.8,11.4,
24,TTM,SMAP_id_4,ok,done,5.2,5.6,0.1,0.7,11.5,
24,TTM,SMAP_id_5,ok,done,5.1,5.6,0.0,0.6,11.3,
24,TTM,SMAP_id_6,ok,done,5.0,5.7,0.1,0.8,11.5,
24,TTM,SMAP_id_7,ok,done,5.0,5.6,0.1,0.6,11.2,
24,TTM,SMAP_id_8,ok,done,4.9,5.6,0.1,0.5,11.1,
24,TTM,SMAP_id_9,ok,done,5.0,5.7,0.1,0.7,11.4,
24,TTM,SMD_id_1,ok,done,5.1,7.3,0.3,1.3,14.0,
24,TTM,SMD_id_10,ok,done,4.9,7.2,0.3,1.1,13.5,
24,TTM,SMD_id_11,ok,done,4.9,7.2,0.3,1.0,13.5,
24,TTM,SMD_id_12,ok,done,5.2,7.6,0.4,1.0,14.2,
24,TTM,SMD_id_13,ok,done,5.2,7.3,0.4,2.8,15.7,
24,TTM,SMD_id_14,ok,done,5.1,7.6,0.4,2.1,15.3,
24,TTM,SMD_id_15,ok,done,5.0,7.7,0.4,1.0,14.2,
24,TTM,SMD_id_16,ok,done,4.9,7.6,0.4,4.4,17.4,
24,TTM,SMD_id_17,ok,done,5.1,7.2,0.4,0.9,13.6,
24,TTM,SMD_id_18,ok,done,4.9,7.6,0.4,1.4,14.4,
24,TTM,SMD_id_19,ok,done,5.2,7.2,0.3,3.2,15.9,
24,TTM,SMD_id_2,ok,done,5.0,7.5,0.4,2.8,15.7,
24,TTM,SMD_id_20,ok,done,5.0,7.1,0.4,0.9,13.5,
24,TTM,SMD_id_21,ok,done,4.9,6.9,0.3,2.4,14.6,
24,TTM,SMD_id_22,ok,done,5.2,7.1,0.3,2.9,15.5,
24,TTM,SMD_id_3,ok,done,5.0,7.1,0.3,1.0,13.5,
24,TTM,SMD_id_4,ok,done,5.3,7.7,0.4,1.8,15.2,
24,TTM,SMD_id_5,ok,done,5.1,7.7,0.4,2.1,15.4,
24,TTM,SMD_id_6,ok,done,5.1,7.5,0.4,2.7,15.7,
24,TTM,SMD_id_7,ok,done,4.9,6.9,0.4,2.9,15.1,
24,TTM,SMD_id_8,ok,done,5.0,7.1,0.3,2.3,14.7,
24,TTM,SMD_id_9,ok,done,5.2,7.2,0.3,2.1,14.9,
24,TTM,SVDB_id_1,ok,done,5.0,12.2,0.5,11.4,29.1,
24,TTM,SVDB_id_10,ok,done,5.3,12.2,0.5,27.7,45.7,
24,TTM,SVDB_id_11,ok,done,5.1,7.5,0.2,3.8,16.6,
24,TTM,SVDB_id_12,ok,done,5.1,12.3,0.5,16.6,34.5,
24,TTM,SVDB_id_13,ok,done,5.3,12.0,0.4,17.7,35.4,
24,TTM,SVDB_id_14,ok,done,5.2,12.1,0.6,43.4,61.3,
24,TTM,SVDB_id_15,ok,done,5.2,12.2,0.6,24.7,42.7,
24,TTM,SVDB_id_16,ok,done,5.2,12.1,0.6,26.2,44.2,
24,TTM,SVDB_id_17,ok,done,5.1,9.0,0.3,12.3,26.7,
24,TTM,SVDB_id_18,ok,done,5.2,12.4,0.4,25.9,44.0,
24,TTM,SVDB_id_19,ok,done,5.1,12.0,0.6,11.7,29.4,
24,TTM,SVDB_id_2,ok,done,5.0,12.3,0.5,21.5,39.3,
24,TTM,SVDB_id_20,ok,done,5.1,12.2,0.4,17.9,35.6,
24,TTM,SVDB_id_21,ok,done,5.2,11.9,0.6,10.7,28.4,
24,TTM,SVDB_id_22,ok,done,5.2,9.7,0.3,19.9,35.1,
24,TTM,SVDB_id_23,ok,done,5.3,9.5,0.3,5.4,20.5,
24,TTM,SVDB_id_24,ok,done,5.3,12.1,0.6,28.4,46.5,
24,TTM,SVDB_id_25,ok,done,5.2,11.9,0.6,11.1,28.8,
24,TTM,SVDB_id_26,ok,done,5.0,12.4,0.6,35.3,53.3,
24,TTM,SVDB_id_27,ok,done,5.2,12.1,0.6,20.9,38.9,
24,TTM,SVDB_id_28,ok,done,5.0,12.0,0.6,45.8,63.4,
24,TTM,SVDB_id_29,ok,done,5.0,12.1,0.5,16.3,33.9,
24,TTM,SVDB_id_3,ok,done,5.2,12.1,0.4,27.9,45.6,
24,TTM,SVDB_id_30,ok,done,5.3,12.1,0.4,9.6,27.4,
24,TTM,SVDB_id_31,ok,done,5.2,8.0,0.2,4.8,18.3,
24,TTM,SVDB_id_4,ok,done,5.2,12.2,0.4,31.2,49.0,
24,TTM,SVDB_id_5,ok,done,5.1,12.1,0.5,40.5,58.3,
24,TTM,SVDB_id_6,ok,done,5.1,12.0,0.5,10.3,27.8,
24,TTM,SVDB_id_7,ok,done,5.2,6.7,0.1,5.3,17.3,
24,TTM,SVDB_id_8,ok,done,5.3,12.1,0.5,24.5,42.4,
24,TTM,SVDB_id_9,ok,done,5.0,12.0,0.6,15.4,33.0,
24,TTM,SWaT_id_1,ok,done,5.1,7.0,0.5,1.8,14.4,
24,TTM,SWaT_id_2,ok,done,4.9,48.5,8.2,37.0,99.1,
24,TTM,TAO_id_1,ok,done,5.1,5.7,0.0,13.2,24.1,
24,TTM,TAO_id_10,ok,done,5.3,5.7,0.0,33.3,44.3,
24,TTM,TAO_id_11,ok,done,5.1,5.4,0.0,32.7,43.2,
24,TTM,TAO_id_12,ok,done,5.1,5.5,0.0,12.5,23.1,
24,TTM,TAO_id_13,ok,done,5.1,5.4,0.0,25.7,36.2,
24,TTM,TAO_id_2,ok,done,5.2,5.6,0.0,21.3,32.2,
24,TTM,TAO_id_3,ok,done,5.1,5.5,0.0,10.9,21.6,
24,TTM,TAO_id_4,ok,done,5.2,5.5,0.0,24.8,35.5,
24,TTM,TAO_id_5,ok,done,5.2,5.6,0.0,26.8,37.6,
24,TTM,TAO_id_6,ok,done,5.2,5.3,0.0,24.9,35.4,
24,TTM,TAO_id_7,ok,done,5.1,5.4,0.0,20.0,30.6,
24,TTM,TAO_id_8,ok,done,5.3,5.4,0.0,14.5,25.1,
24,TTM,TAO_id_9,ok,done,5.2,5.3,0.0,12.9,23.5,
48,TTM,CATSv2_id_1,ok,done,5.2,10.4,1.2,4.1,21.0,
48,TTM,CATSv2_id_2,ok,done,5.0,15.1,2.0,38.3,60.6,
48,TTM,CATSv2_id_3,ok,done,5.2,25.7,4.0,26.4,61.6,
48,TTM,CATSv2_id_4,ok,done,5.2,15.1,2.1,9.3,31.9,
48,TTM,CATSv2_id_5,ok,done,5.1,23.1,3.6,24.1,56.2,
48,TTM,CATSv2_id_6,ok,done,5.3,15.3,2.2,9.9,32.8,
48,TTM,CreditCard,ok,done,5.2,25.9,7.6,22.4,61.6,
48,TTM,Daphnet,ok,done,4.9,6.6,0.2,2.0,13.7,
48,TTM,Exathlon_id_1,ok,done,5.3,7.2,0.5,2.3,15.3,
48,TTM,Exathlon_id_10,ok,done,4.9,7.5,0.6,2.0,15.0,
48,TTM,Exathlon_id_11,ok,done,4.9,7.5,0.6,2.0,15.0,
48,TTM,Exathlon_id_12,ok,done,5.0,7.4,0.6,2.0,15.0,
48,TTM,Exathlon_id_13,ok,done,5.0,8.4,1.3,2.9,17.7,
48,TTM,Exathlon_id_14,ok,done,5.0,7.4,0.5,3.5,16.4,
48,TTM,Exathlon_id_15,ok,done,5.0,12.6,1.5,8.7,27.9,
48,TTM,Exathlon_id_16,ok,done,5.1,7.1,0.4,1.8,14.4,
48,TTM,Exathlon_id_17,ok,done,5.1,12.6,1.6,8.7,28.0,
48,TTM,Exathlon_id_18,ok,done,5.3,7.7,0.6,2.0,15.6,
48,TTM,Exathlon_id_19,ok,done,5.1,7.6,0.6,2.0,15.3,
48,TTM,Exathlon_id_2,ok,done,4.9,6.8,0.3,1.7,13.7,
48,TTM,Exathlon_id_20,ok,done,5.1,6.9,0.2,2.0,14.2,
48,TTM,Exathlon_id_21,ok,done,5.2,7.1,0.4,3.2,15.9,
48,TTM,Exathlon_id_22,ok,done,5.2,8.4,1.3,2.9,18.0,
48,TTM,Exathlon_id_23,ok,done,5.2,7.5,0.6,2.0,15.3,
48,TTM,Exathlon_id_24,ok,done,5.0,8.5,1.3,3.0,17.8,
48,TTM,Exathlon_id_25,ok,done,5.2,12.6,1.6,8.7,28.3,
48,TTM,Exathlon_id_26,ok,done,5.0,12.8,1.6,8.8,28.3,
48,TTM,Exathlon_id_27,ok,done,5.3,8.4,1.4,3.0,18.1,
48,TTM,Exathlon_id_3,ok,done,5.1,8.6,1.4,2.9,18.0,
48,TTM,Exathlon_id_4,ok,done,5.2,8.5,0.6,2.0,16.4,
48,TTM,Exathlon_id_5,ok,done,5.2,12.5,1.6,8.8,28.1,
48,TTM,Exathlon_id_6,ok,done,5.2,8.7,1.4,2.7,18.2,
48,TTM,Exathlon_id_7,ok,done,5.1,8.6,1.4,2.9,18.1,
48,TTM,Exathlon_id_8,ok,done,5.1,7.3,0.4,2.1,14.8,
48,TTM,Exathlon_id_9,ok,done,5.2,8.4,1.4,3.0,17.9,
48,TTM,GECCO,ok,done,5.1,10.4,1.0,7.6,24.2,
48,TTM,GHL_id_1,ok,done,5.3,16.7,2.1,10.5,34.7,
48,TTM,GHL_id_10,ok,done,5.1,16.7,2.1,15.0,39.0,
48,TTM,GHL_id_11,ok,done,5.3,16.7,2.1,14.3,38.6,
48,TTM,GHL_id_12,ok,done,5.1,16.6,2.1,10.9,34.8,
48,TTM,GHL_id_13,ok,done,5.2,16.6,2.1,13.1,37.2,
48,TTM,GHL_id_14,ok,done,5.2,16.6,2.1,13.4,37.4,
48,TTM,GHL_id_15,ok,done,5.3,16.9,2.1,8.7,33.1,
48,TTM,GHL_id_16,ok,done,5.3,16.9,2.1,16.9,41.3,
48,TTM,GHL_id_17,ok,done,5.2,16.6,2.1,9.8,33.8,
48,TTM,GHL_id_18,ok,done,5.2,16.4,2.1,20.2,44.0,
48,TTM,GHL_id_19,ok,done,5.3,15.3,1.9,11.7,34.2,
48,TTM,GHL_id_2,ok,done,5.2,16.4,2.1,9.5,33.4,
48,TTM,GHL_id_20,ok,done,5.1,16.5,2.1,13.7,37.5,
48,TTM,GHL_id_21,ok,done,5.2,16.7,2.1,13.2,37.3,
48,TTM,GHL_id_22,ok,done,5.3,16.6,2.1,22.0,46.1,
48,TTM,GHL_id_23,ok,done,5.4,16.7,2.2,18.0,42.4,
48,TTM,GHL_id_24,ok,done,5.3,16.7,2.1,13.6,37.8,
48,TTM,GHL_id_25,ok,done,5.3,16.5,2.1,10.7,34.8,
48,TTM,GHL_id_3,ok,done,5.2,16.6,2.1,15.0,39.1,
48,TTM,GHL_id_4,ok,done,5.2,17.1,2.1,16.2,40.8,
48,TTM,GHL_id_5,ok,done,5.2,17.1,2.1,15.8,40.4,
48,TTM,GHL_id_6,ok,done,5.3,16.7,2.1,9.6,33.8,
48,TTM,GHL_id_7,ok,done,5.3,16.6,2.1,9.1,33.2,
48,TTM,GHL_id_8,ok,done,5.3,16.8,2.1,8.5,32.9,
48,TTM,GHL_id_9,ok,done,5.1,16.6,2.1,16.2,40.1,
48,TTM,Genesis,ok,done,5.0,5.9,0.2,1.1,12.2,
48,TTM,LTDB_id_1,ok,done,5.0,8.0,0.3,16.7,30.0,
48,TTM,LTDB_id_2,ok,done,5.3,8.3,0.3,30.9,44.9,
48,TTM,LTDB_id_3,ok,done,5.2,8.6,0.3,30.4,44.4,
48,TTM,LTDB_id_4,ok,done,5.3,8.3,0.3,19.1,33.0,
48,TTM,LTDB_id_5,ok,done,5.0,8.2,0.3,3.5,17.1,
48,TTM,MITDB_id_1,ok,done,5.3,9.9,0.4,12.0,27.5,
48,TTM,MITDB_id_10,ok,done,5.3,9.8,0.4,7.4,22.8,
48,TTM,MITDB_id_11,ok,done,5.3,23.5,1.7,19.2,49.7,
48,TTM,MITDB_id_12,ok,done,5.3,24.4,1.8,99.7,131.3,
48,TTM,MITDB_id_13,ok,done,5.2,19.0,1.3,31.3,56.7,
48,TTM,MITDB_id_2,ok,done,5.2,25.2,1.8,24.0,56.2,
48,TTM,MITDB_id_3,ok,done,5.3,20.7,1.5,39.1,66.5,
48,TTM,MITDB_id_4,ok,done,5.4,14.4,1.0,24.0,44.8,
48,TTM,MITDB_id_5,ok,done,5.2,8.5,0.4,5.6,19.7,
48,TTM,MITDB_id_6,ok,done,5.1,11.1,0.7,6.8,23.8,
48,TTM,MITDB_id_7,ok,done,5.3,9.7,0.5,8.7,24.2,
48,TTM,MITDB_id_8,ok,done,5.1,17.2,1.2,19.0,42.5,
48,TTM,MITDB_id_9,ok,done,5.1,8.3,0.4,4.4,18.2,
48,TTM,MSL_id_1,ok,done,5.1,5.4,0.0,0.4,11.0,
48,TTM,MSL_id_10,ok,done,5.1,5.8,0.2,0.5,11.6,
48,TTM,MSL_id_11,ok,done,5.2,5.2,0.1,0.6,11.1,
48,TTM,MSL_id_12,ok,done,5.1,5.4,0.1,0.4,10.9,
48,TTM,MSL_id_13,ok,done,5.2,6.0,0.2,0.5,12.0,
48,TTM,MSL_id_14,ok,done,5.0,5.4,0.1,0.3,10.7,
48,TTM,MSL_id_15,ok,done,5.1,5.3,0.0,0.2,10.6,
48,TTM,MSL_id_16,ok,done,5.1,5.3,0.1,0.5,10.9,
48,TTM,MSL_id_2,ok,done,5.1,5.6,0.1,0.4,11.2,
48,TTM,MSL_id_3,ok,done,5.0,5.8,0.1,0.4,11.3,
48,TTM,MSL_id_4,ok,done,5.2,5.7,0.1,0.7,11.7,
48,TTM,MSL_id_5,ok,done,5.1,6.0,0.2,0.5,11.9,
48,TTM,MSL_id_6,ok,done,4.9,5.5,0.1,0.7,11.3,
48,TTM,MSL_id_7,ok,done,5.1,5.7,0.1,0.6,11.5,
48,TTM,MSL_id_8,ok,done,5.0,5.6,0.1,0.4,11.1,
48,TTM,MSL_id_9,ok,done,5.1,5.4,0.1,0.3,10.9,
48,TTM,OPPORTUNITY_id_1,ok,done,5.1,21.3,4.5,1.9,33.0,
48,TTM,OPPORTUNITY_id_2,ok,done,5.5,8.2,0.9,0.5,15.0,
48,TTM,OPPORTUNITY_id_3,ok,done,5.3,23.2,5.2,1.7,35.6,
48,TTM,OPPORTUNITY_id_4,ok,done,5.2,10.9,1.7,0.9,18.8,
48,TTM,OPPORTUNITY_id_5,ok,done,5.0,9.4,1.4,0.7,16.5,
48,TTM,OPPORTUNITY_id_6,ok,done,5.2,15.9,3.0,1.4,25.6,
48,TTM,OPPORTUNITY_id_7,ok,done,5.5,19.1,3.9,2.0,30.6,
48,TTM,OPPORTUNITY_id_8,ok,done,5.3,23.0,4.9,1.9,35.2,
48,TTM,PSM,ok,done,5.1,20.0,5.4,20.6,51.4,
48,TTM,SMAP_id_1,ok,done,5.4,5.9,0.1,0.6,12.1,
48,TTM,SMAP_id_10,ok,done,5.2,5.6,0.1,0.7,11.7,
48,TTM,SMAP_id_11,ok,done,5.0,5.7,0.1,0.7,11.6,
48,TTM,SMAP_id_12,ok,done,5.2,5.7,0.1,0.3,11.3,
48,TTM,SMAP_id_13,ok,done,5.2,5.4,0.1,0.5,11.1,
48,TTM,SMAP_id_14,ok,done,5.2,5.8,0.1,0.8,11.9,
48,TTM,SMAP_id_15,ok,done,4.9,5.6,0.1,0.5,11.2,
48,TTM,SMAP_id_16,ok,done,5.0,5.7,0.1,0.4,11.2,
48,TTM,SMAP_id_17,ok,done,5.2,5.7,0.1,0.6,11.7,
48,TTM,SMAP_id_18,ok,done,5.2,5.9,0.1,0.7,11.9,
48,TTM,SMAP_id_19,ok,done,5.2,5.7,0.1,0.5,11.4,
48,TTM,SMAP_id_2,ok,done,5.0,5.8,0.1,0.7,11.7,
48,TTM,SMAP_id_20,ok,done,4.9,5.9,0.1,0.7,11.6,
48,TTM,SMAP_id_21,ok,done,5.0,5.8,0.1,0.7,11.6,
48,TTM,SMAP_id_22,ok,done,5.1,6.0,0.2,0.9,12.2,
48,TTM,SMAP_id_23,ok,done,5.3,5.5,0.1,0.3,11.1,
48,TTM,SMAP_id_24,ok,done,5.2,6.0,0.1,0.7,12.0,
48,TTM,SMAP_id_25,ok,done,5.1,5.8,0.1,0.7,11.7,
48,TTM,SMAP_id_26,ok,done,5.2,5.5,0.1,0.5,11.3,
48,TTM,SMAP_id_27,ok,done,5.1,5.6,0.1,0.7,11.5,
48,TTM,SMAP_id_3,ok,done,5.0,5.6,0.1,0.8,11.5,
48,TTM,SMAP_id_4,ok,done,5.1,5.9,0.1,0.7,11.8,
48,TTM,SMAP_id_5,ok,done,5.2,5.8,0.1,0.6,11.6,
48,TTM,SMAP_id_6,ok,done,5.1,5.9,0.1,0.8,11.9,
48,TTM,SMAP_id_7,ok,done,5.3,5.9,0.1,0.6,11.9,
48,TTM,SMAP_id_8,ok,done,5.4,5.7,0.1,0.5,11.8,
48,TTM,SMAP_id_9,ok,done,5.1,5.7,0.1,0.7,11.7,
48,TTM,SMD_id_1,ok,done,5.0,7.3,0.8,1.4,14.5,
48,TTM,SMD_id_10,ok,done,5.2,7.2,0.8,1.2,14.5,
48,TTM,SMD_id_11,ok,done,5.2,7.5,0.8,1.0,14.5,
48,TTM,SMD_id_12,ok,done,5.1,7.7,1.0,1.0,14.8,
48,TTM,SMD_id_13,ok,done,5.2,7.4,0.9,2.8,16.3,
48,TTM,SMD_id_14,ok,done,5.2,7.9,1.0,2.1,16.4,
48,TTM,SMD_id_15,ok,done,5.0,7.8,1.0,1.0,14.9,
48,TTM,SMD_id_16,ok,done,5.1,7.8,1.1,4.3,18.3,
48,TTM,SMD_id_17,ok,done,5.1,7.3,0.9,0.9,14.2,
48,TTM,SMD_id_18,ok,done,6.6,7.9,1.0,1.4,17.0,
48,TTM,SMD_id_19,ok,done,5.1,7.3,0.8,3.2,16.4,
48,TTM,SMD_id_2,ok,done,5.2,7.7,1.0,2.8,16.8,
48,TTM,SMD_id_20,ok,done,5.1,7.2,0.9,0.8,14.0,
48,TTM,SMD_id_21,ok,done,5.3,7.0,0.8,2.4,15.5,
48,TTM,SMD_id_22,ok,done,5.1,7.3,0.9,2.9,16.2,
48,TTM,SMD_id_3,ok,done,5.1,7.5,0.8,1.1,14.5,
48,TTM,SMD_id_4,ok,done,4.9,7.9,1.0,1.8,15.8,
48,TTM,SMD_id_5,ok,done,5.2,7.7,1.0,2.2,16.1,
48,TTM,SMD_id_6,ok,done,5.1,7.8,1.0,2.7,16.6,
48,TTM,SMD_id_7,ok,done,5.2,7.3,0.8,2.9,16.2,
48,TTM,SMD_id_8,ok,done,5.2,7.1,0.6,2.3,15.3,
48,TTM,SMD_id_9,ok,done,5.1,7.4,0.7,2.2,15.5,
48,TTM,SVDB_id_1,ok,done,5.1,12.3,0.8,11.3,29.6,
48,TTM,SVDB_id_10,ok,done,5.4,12.2,0.7,28.2,46.5,
48,TTM,SVDB_id_11,ok,done,5.5,8.0,0.2,4.0,17.8,
48,TTM,SVDB_id_12,ok,done,5.3,12.5,0.8,15.9,34.5,
48,TTM,SVDB_id_13,ok,done,5.2,12.1,0.7,18.4,36.5,
48,TTM,SVDB_id_14,ok,done,5.2,12.3,0.8,41.6,60.0,
48,TTM,SVDB_id_15,ok,done,5.3,12.4,0.8,23.9,42.4,
48,TTM,SVDB_id_16,ok,done,5.1,12.8,0.7,26.7,45.4,
48,TTM,SVDB_id_17,ok,done,5.2,9.3,0.5,10.1,25.0,
48,TTM,SVDB_id_18,ok,done,5.2,12.3,0.7,26.7,44.9,
48,TTM,SVDB_id_19,ok,done,5.1,12.3,0.7,11.0,29.2,
48,TTM,SVDB_id_2,ok,done,5.3,12.1,0.7,21.9,40.0,
48,TTM,SVDB_id_20,ok,done,5.3,12.3,0.8,16.3,34.7,
48,TTM,SVDB_id_21,ok,done,5.1,12.5,0.8,10.5,28.9,
48,TTM,SVDB_id_22,ok,done,5.3,9.8,0.4,19.8,35.3,
48,TTM,SVDB_id_23,ok,done,5.2,9.9,0.5,5.4,21.0,
48,TTM,SVDB_id_24,ok,done,5.1,12.1,0.8,30.7,48.8,
48,TTM,SVDB_id_25,ok,done,5.1,12.2,0.7,11.3,29.4,
48,TTM,SVDB_id_26,ok,done,5.2,12.5,0.7,35.9,54.4,
48,TTM,SVDB_id_27,ok,done,5.3,12.7,0.8,21.3,40.1,
48,TTM,SVDB_id_28,ok,done,5.2,12.1,0.8,46.8,64.9,
48,TTM,SVDB_id_29,ok,done,5.3,12.2,0.8,17.6,35.8,
48,TTM,SVDB_id_3,ok,done,5.3,12.3,0.8,27.1,45.5,
48,TTM,SVDB_id_30,ok,done,5.2,12.3,0.7,9.2,27.5,
48,TTM,SVDB_id_31,ok,done,5.3,8.3,0.3,5.3,19.1,
48,TTM,SVDB_id_4,ok,done,5.1,12.3,0.8,31.1,49.4,
48,TTM,SVDB_id_5,ok,done,5.3,12.4,0.7,38.9,57.4,
48,TTM,SVDB_id_6,ok,done,5.2,12.4,0.8,10.1,28.5,
48,TTM,SVDB_id_7,ok,done,5.2,6.8,0.2,4.8,17.0,
48,TTM,SVDB_id_8,ok,done,5.2,12.3,0.7,22.8,40.9,
48,TTM,SVDB_id_9,ok,done,5.1,12.5,0.8,15.7,34.1,
48,TTM,SWaT_id_1,ok,done,5.3,7.3,0.8,1.8,15.3,
48,TTM,SWaT_id_2,ok,done,5.2,55.5,17.4,45.9,124.7,
48,TTM,TAO_id_1,ok,done,5.7,5.9,0.0,13.0,24.7,
48,TTM,TAO_id_10,ok,done,6.2,5.8,0.0,33.3,45.3,
48,TTM,TAO_id_11,ok,done,5.3,5.7,0.0,32.2,43.2,
48,TTM,TAO_id_12,ok,done,5.3,5.5,0.0,12.5,23.4,
48,TTM,TAO_id_13,ok,done,5.3,5.5,0.0,23.5,34.3,
48,TTM,TAO_id_2,ok,done,5.2,5.4,0.0,21.6,32.2,
48,TTM,TAO_id_3,ok,done,5.2,5.6,0.0,9.5,20.4,
48,TTM,TAO_id_4,ok,done,5.4,5.6,0.0,23.1,34.2,
48,TTM,TAO_id_5,ok,done,5.4,5.3,0.0,26.6,37.4,
48,TTM,TAO_id_6,ok,done,5.3,5.5,0.0,23.3,34.2,
48,TTM,TAO_id_7,ok,done,5.2,5.5,0.0,19.6,30.3,
48,TTM,TAO_id_8,ok,done,5.2,5.4,0.0,13.6,24.2,
48,TTM,TAO_id_9,ok,done,5.2,5.5,0.0,13.1,23.8,
192,TTM,CATSv2_id_1,ok,done,,,0.0,4.7,4.8,
192,TTM,CATSv2_id_2,ok,done,,,0.0,39.4,39.6,
192,TTM,CATSv2_id_3,ok,done,,,0.0,59.7,60.0,
192,TTM,CATSv2_id_4,ok,done,,,0.0,9.6,9.8,
192,TTM,CATSv2_id_5,ok,done,,,0.0,28.1,28.4,
192,TTM,CATSv2_id_6,ok,done,,,0.0,11.2,11.4,
192,TTM,CreditCard,ok,done,,,0.0,27.3,27.8,
192,TTM,Daphnet,ok,done,,,0.0,2.0,2.0,
192,TTM,Exathlon_id_1,ok,done,,,0.0,2.5,2.5,
192,TTM,Exathlon_id_10,ok,done,,,0.0,2.2,2.2,
192,TTM,Exathlon_id_11,ok,done,,,0.0,2.2,2.3,
192,TTM,Exathlon_id_12,ok,done,,,0.0,2.2,2.2,
192,TTM,Exathlon_id_13,ok,done,,,0.0,3.5,3.5,
192,TTM,Exathlon_id_14,ok,done,,,0.0,3.7,3.8,
192,TTM,Exathlon_id_15,ok,done,,,0.0,9.3,9.4,
192,TTM,Exathlon_id_16,ok,done,,,0.0,2.1,2.1,
192,TTM,Exathlon_id_17,ok,done,,,0.0,9.3,9.4,
192,TTM,Exathlon_id_18,ok,done,,,0.0,2.2,2.2,
192,TTM,Exathlon_id_19,ok,done,,,0.0,2.2,2.2,
192,TTM,Exathlon_id_2,ok,done,,,0.0,1.9,1.9,
192,TTM,Exathlon_id_20,ok,done,,,0.0,2.1,2.2,
192,TTM,Exathlon_id_21,ok,done,,,0.0,3.4,3.4,
192,TTM,Exathlon_id_22,ok,done,,,0.0,3.4,3.5,
192,TTM,Exathlon_id_23,ok,done,,,0.0,2.2,2.2,
192,TTM,Exathlon_id_24,ok,done,,,0.0,3.5,3.5,
192,TTM,Exathlon_id_25,ok,done,,,0.0,9.3,9.4,
192,TTM,Exathlon_id_26,ok,done,,,0.0,9.4,9.5,
192,TTM,Exathlon_id_27,ok,done,,,0.0,3.5,3.6,
192,TTM,Exathlon_id_3,ok,done,,,0.0,3.5,3.5,
192,TTM,Exathlon_id_4,ok,done,,,0.0,2.2,2.2,
192,TTM,Exathlon_id_5,ok,done,,,0.0,9.4,9.5,
192,TTM,Exathlon_id_6,ok,done,,,0.0,3.0,3.0,
192,TTM,Exathlon_id_7,ok,done,,,0.0,3.5,3.5,
192,TTM,Exathlon_id_8,ok,done,,,0.0,2.0,2.0,
192,TTM,Exathlon_id_9,ok,done,,,0.0,3.5,3.5,
192,TTM,GECCO,ok,done,,,0.0,7.9,7.9,
192,TTM,GHL_id_1,ok,done,,,0.0,9.5,9.6,
192,TTM,GHL_id_10,ok,done,,,0.0,12.8,13.0,
192,TTM,GHL_id_11,ok,done,,,0.0,12.3,12.4,
192,TTM,GHL_id_12,ok,done,,,0.0,9.0,9.1,
192,TTM,GHL_id_13,ok,done,,,0.0,10.0,10.1,
192,TTM,GHL_id_14,ok,done,,,0.0,10.1,10.3,
192,TTM,GHL_id_15,ok,done,,,0.0,8.3,8.4,
192,TTM,GHL_id_16,ok,done,,,0.0,14.3,14.4,
192,TTM,GHL_id_17,ok,done,,,0.0,9.1,9.2,
192,TTM,GHL_id_18,ok,done,,,0.0,15.6,15.7,
192,TTM,GHL_id_19,ok,done,,,0.0,8.4,8.5,
192,TTM,GHL_id_2,ok,done,,,0.0,8.8,8.9,
192,TTM,GHL_id_20,ok,done,,,0.0,10.8,10.9,
192,TTM,GHL_id_21,ok,done,,,0.0,11.5,11.6,
192,TTM,GHL_id_22,ok,done,,,0.0,17.5,17.6,
192,TTM,GHL_id_23,ok,done,,,0.0,15.3,15.4,
192,TTM,GHL_id_24,ok,done,,,0.0,9.6,9.8,
192,TTM,GHL_id_25,ok,done,,,0.0,9.9,10.0,
192,TTM,GHL_id_3,ok,done,,,0.0,12.3,12.5,
192,TTM,GHL_id_4,ok,done,,,0.0,13.0,13.2,
192,TTM,GHL_id_5,ok,done,,,0.0,11.3,11.5,
192,TTM,GHL_id_6,ok,done,,,0.0,9.0,9.1,
192,TTM,GHL_id_7,ok,done,,,0.0,8.8,8.9,
192,TTM,GHL_id_8,ok,done,,,0.0,8.1,8.3,
192,TTM,GHL_id_9,ok,done,,,0.0,12.5,12.7,
192,TTM,Genesis,ok,done,,,0.0,1.3,1.3,
192,TTM,LTDB_id_1,ok,done,,,0.0,16.8,16.8,
192,TTM,LTDB_id_2,ok,done,,,0.0,28.2,28.3,
192,TTM,LTDB_id_3,ok,done,,,0.0,32.1,32.1,
192,TTM,LTDB_id_4,ok,done,,,0.0,22.5,22.5,
192,TTM,LTDB_id_5,ok,done,,,0.0,4.1,4.1,
192,TTM,MITDB_id_1,ok,done,,,0.0,14.9,14.9,
192,TTM,MITDB_id_10,ok,done,,,0.0,7.4,7.4,
192,TTM,MITDB_id_11,ok,done,,,0.0,19.5,19.5,
192,TTM,MITDB_id_12,ok,done,,,0.0,96.1,96.1,
192,TTM,MITDB_id_13,ok,done,,,0.0,33.4,33.4,
192,TTM,MITDB_id_2,ok,done,,,0.0,26.0,26.0,
192,TTM,MITDB_id_3,ok,done,,,0.0,46.4,46.4,
192,TTM,MITDB_id_4,ok,done,,,0.0,33.3,33.3,
192,TTM,MITDB_id_5,ok,done,,,0.0,6.7,6.8,
192,TTM,MITDB_id_6,ok,done,,,0.0,6.9,6.9,
192,TTM,MITDB_id_7,ok,done,,,0.0,8.9,8.9,
192,TTM,MITDB_id_8,ok,done,,,0.0,24.0,24.0,
192,TTM,MITDB_id_9,ok,done,,,0.0,5.0,5.0,
192,TTM,MSL_id_1,ok,done,,,0.0,0.4,0.4,
192,TTM,MSL_id_10,ok,done,,,0.0,0.6,0.6,
192,TTM,MSL_id_11,ok,done,,,0.0,0.6,0.6,
192,TTM,MSL_id_12,ok,done,,,0.0,0.4,0.4,
192,TTM,MSL_id_13,ok,done,,,0.0,0.6,0.6,
192,TTM,MSL_id_14,ok,done,,,0.0,0.3,0.3,
192,TTM,MSL_id_15,ok,done,,,0.0,0.2,0.2,
192,TTM,MSL_id_16,ok,done,,,0.0,0.4,0.4,
192,TTM,MSL_id_2,ok,done,,,0.0,0.5,0.5,
192,TTM,MSL_id_3,ok,done,,,0.0,0.4,0.4,
192,TTM,MSL_id_4,ok,done,,,0.0,0.6,0.6,
192,TTM,MSL_id_5,ok,done,,,0.0,0.5,0.5,
192,TTM,MSL_id_6,ok,done,,,0.0,0.7,0.7,
192,TTM,MSL_id_7,ok,done,,,0.0,0.6,0.6,
192,TTM,MSL_id_8,ok,done,,,0.0,0.4,0.4,
192,TTM,MSL_id_9,ok,done,,,0.0,0.3,0.3,
192,TTM,OPPORTUNITY_id_1,ok,done,,,0.0,3.1,3.3,
192,TTM,OPPORTUNITY_id_2,ok,done,,,0.0,0.7,0.8,
192,TTM,OPPORTUNITY_id_3,ok,done,,,0.0,2.9,3.1,
192,TTM,OPPORTUNITY_id_4,ok,done,,,0.0,1.4,1.4,
192,TTM,OPPORTUNITY_id_5,ok,done,,,0.0,1.0,1.1,
192,TTM,OPPORTUNITY_id_6,ok,done,,,0.0,2.2,2.4,
192,TTM,OPPORTUNITY_id_7,ok,done,,,0.0,3.2,3.4,
192,TTM,OPPORTUNITY_id_8,ok,done,,,0.0,3.4,3.6,
192,TTM,PSM,ok,done,,,0.0,25.2,25.5,
192,TTM,SMAP_id_1,ok,done,,,0.0,0.6,0.6,
192,TTM,SMAP_id_10,ok,done,,,0.0,0.6,0.6,
192,TTM,SMAP_id_11,ok,done,,,0.0,0.6,0.6,
192,TTM,SMAP_id_12,ok,done,,,0.0,0.3,0.4,
192,TTM,SMAP_id_13,ok,done,,,0.0,0.5,0.5,
192,TTM,SMAP_id_14,ok,done,,,0.0,0.7,0.8,
192,TTM,SMAP_id_15,ok,done,,,0.0,0.5,0.5,
192,TTM,SMAP_id_16,ok,done,,,0.0,0.5,0.5,
192,TTM,SMAP_id_17,ok,done,,,0.0,0.7,0.7,
192,TTM,SMAP_id_18,ok,done,,,0.0,0.6,0.6,
192,TTM,SMAP_id_19,ok,done,,,0.0,0.5,0.5,
192,TTM,SMAP_id_2,ok,done,,,0.0,0.7,0.7,
192,TTM,SMAP_id_20,ok,done,,,0.0,0.6,0.6,
192,TTM,SMAP_id_21,ok,done,,,0.0,0.6,0.6,
192,TTM,SMAP_id_22,ok,done,,,0.0,0.9,0.9,
192,TTM,SMAP_id_23,ok,done,,,0.0,0.3,0.3,
192,TTM,SMAP_id_24,ok,done,,,0.0,0.8,0.8,
192,TTM,SMAP_id_25,ok,done,,,0.0,0.7,0.7,
192,TTM,SMAP_id_26,ok,done,,,0.0,0.6,0.6,
192,TTM,SMAP_id_27,ok,done,,,0.0,0.6,0.6,
192,TTM,SMAP_id_3,ok,done,,,0.0,0.8,0.8,
192,TTM,SMAP_id_4,ok,done,,,0.0,0.6,0.6,
192,TTM,SMAP_id_5,ok,done,,,0.0,0.6,0.6,
192,TTM,SMAP_id_6,ok,done,,,0.0,0.8,0.8,
192,TTM,SMAP_id_7,ok,done,,,0.0,0.6,0.6,
192,TTM,SMAP_id_8,ok,done,,,0.0,0.6,0.6,
192,TTM,SMAP_id_9,ok,done,,,0.0,0.7,0.7,
192,TTM,SMD_id_1,ok,done,,,0.0,1.4,1.4,
192,TTM,SMD_id_10,ok,done,,,0.0,1.5,1.5,
192,TTM,SMD_id_11,ok,done,,,0.0,1.2,1.2,
192,TTM,SMD_id_12,ok,done,,,0.0,1.3,1.3,
192,TTM,SMD_id_13,ok,done,,,0.0,3.0,3.0,
192,TTM,SMD_id_14,ok,done,,,0.0,2.4,2.4,
192,TTM,SMD_id_15,ok,done,,,0.0,1.3,1.3,
192,TTM,SMD_id_16,ok,done,,,0.0,4.6,4.7,
192,TTM,SMD_id_17,ok,done,,,0.0,1.1,1.2,
192,TTM,SMD_id_18,ok,done,,,0.0,1.7,1.7,
192,TTM,SMD_id_19,ok,done,,,0.0,3.4,3.4,
192,TTM,SMD_id_2,ok,done,,,0.0,3.1,3.1,
192,TTM,SMD_id_20,ok,done,,,0.0,1.0,1.0,
192,TTM,SMD_id_21,ok,done,,,0.0,2.6,2.6,
192,TTM,SMD_id_22,ok,done,,,0.0,3.1,3.1,
192,TTM,SMD_id_3,ok,done,,,0.0,1.2,1.3,
192,TTM,SMD_id_4,ok,done,,,0.0,2.1,2.1,
192,TTM,SMD_id_5,ok,done,,,0.0,2.4,2.5,
192,TTM,SMD_id_6,ok,done,,,0.0,2.9,2.9,
192,TTM,SMD_id_7,ok,done,,,0.0,3.1,3.2,
192,TTM,SMD_id_8,ok,done,,,0.0,2.5,2.6,
192,TTM,SMD_id_9,ok,done,,,0.0,2.3,2.3,
192,TTM,SVDB_id_1,ok,done,,,0.0,12.4,12.5,
192,TTM,SVDB_id_10,ok,done,,,0.0,42.0,42.0,
192,TTM,SVDB_id_11,ok,done,,,0.0,3.8,3.8,
192,TTM,SVDB_id_12,ok,done,,,0.0,16.9,16.9,
192,TTM,SVDB_id_13,ok,done,,,0.0,19.4,19.4,
192,TTM,SVDB_id_14,ok,done,,,0.0,44.9,44.9,
192,TTM,SVDB_id_15,ok,done,,,0.0,27.0,27.1,
192,TTM,SVDB_id_16,ok,done,,,0.0,26.6,26.6,
192,TTM,SVDB_id_17,ok,done,,,0.0,10.2,10.2,
192,TTM,SVDB_id_18,ok,done,,,0.0,23.1,23.1,
192,TTM,SVDB_id_19,ok,done,,,0.0,10.7,10.8,
192,TTM,SVDB_id_2,ok,done,,,0.0,23.6,23.6,
192,TTM,SVDB_id_20,ok,done,,,0.0,13.6,13.7,
192,TTM,SVDB_id_21,ok,done,,,0.0,11.1,11.1,
192,TTM,SVDB_id_22,ok,done,,,0.0,19.9,19.9,
192,TTM,SVDB_id_23,ok,done,,,0.0,5.8,5.8,
192,TTM,SVDB_id_24,ok,done,,,0.0,20.0,20.0,
192,TTM,SVDB_id_25,ok,done,,,0.0,11.5,11.5,
192,TTM,SVDB_id_26,ok,done,,,0.0,32.5,32.5,
192,TTM,SVDB_id_27,ok,done,,,0.0,23.3,23.3,
192,TTM,SVDB_id_28,ok,done,,,0.0,45.9,46.0,
192,TTM,SVDB_id_29,ok,done,,,0.0,11.7,11.7,
192,TTM,SVDB_id_3,ok,done,,,0.0,26.9,26.9,
192,TTM,SVDB_id_30,ok,done,,,0.0,9.9,9.9,
192,TTM,SVDB_id_31,ok,done,,,0.0,4.8,4.8,
192,TTM,SVDB_id_4,ok,done,,,0.0,26.2,26.2,
192,TTM,SVDB_id_5,ok,done,,,0.0,47.5,47.6,
192,TTM,SVDB_id_6,ok,done,,,0.0,9.9,10.0,
192,TTM,SVDB_id_7,ok,done,,,0.0,5.2,5.2,
192,TTM,SVDB_id_8,ok,done,,,0.0,21.4,21.4,
192,TTM,SVDB_id_9,ok,done,,,0.0,18.4,18.4,
192,TTM,SWaT_id_1,ok,done,,,0.0,2.1,2.1,
192,TTM,SWaT_id_2,ok,done,,,54.5,50.9,106.0,
192,TTM,TAO_id_1,ok,done,8.2,6.4,0.1,12.8,27.5,
192,TTM,TAO_id_10,ok,done,5.6,6.7,0.1,25.8,38.2,
192,TTM,TAO_id_11,ok,done,5.4,6.0,0.1,30.8,42.3,
192,TTM,TAO_id_12,ok,done,5.2,5.9,0.1,12.1,23.3,
192,TTM,TAO_id_13,ok,done,5.6,5.7,0.1,21.8,33.2,
192,TTM,TAO_id_2,ok,done,5.2,6.0,0.1,21.1,32.4,
192,TTM,TAO_id_3,ok,done,5.3,5.9,0.1,10.1,21.4,
192,TTM,TAO_id_4,ok,done,5.5,5.9,0.1,24.1,35.6,
192,TTM,TAO_id_5,ok,done,5.1,6.0,0.1,28.7,39.8,
192,TTM,TAO_id_6,ok,done,5.2,5.8,0.1,21.7,32.8,
192,TTM,TAO_id_7,ok,done,5.2,5.9,0.1,18.0,29.2,
192,TTM,TAO_id_8,ok,done,10.6,5.9,0.1,12.1,28.7,
192,TTM,TAO_id_9,ok,done,5.4,5.8,0.1,12.2,23.4,
